Date,open,high,low,close,volume,Signal,Portfolio
2022-01-03,335.3500061035156,338.0,329.7799987792969,334.75,28865100,,10000.0
2022-01-04,334.8299865722656,335.20001220703125,326.1199951171875,329.010009765625,32674300,,10000.0
2022-01-05,325.8599853515625,326.07000732421875,315.9800109863281,316.3800048828125,40054300,HOLD,10000.0
2022-01-06,313.1499938964844,318.70001220703125,311.489990234375,313.8800048828125,39646100,HOLD,10000.0
2022-01-07,314.1499938964844,316.5,310.0899963378906,314.0400085449219,32720000,HOLD,10000.0
2022-01-10,309.489990234375,314.7200012207031,304.69000244140625,314.2699890136719,44289500,HOLD,10000.0
2022-01-11,313.3800048828125,316.6099853515625,309.8900146484375,314.9800109863281,29386800,HOLD,10000.0
2022-01-12,319.6700134277344,323.4100036621094,317.0799865722656,318.2699890136719,34372200,HOLD,10000.0
2022-01-13,320.4700012207031,320.8800048828125,304.0,304.79998779296875,45366000,HOLD,10000.0
2022-01-14,304.25,310.82000732421875,303.75,310.20001220703125,39846400,HOLD,10000.0
2022-01-18,304.07000732421875,309.79998779296875,301.739990234375,302.6499938964844,42333200,HOLD,10000.0
2022-01-19,306.2900085449219,313.9100036621094,302.70001220703125,303.3299865722656,45933900,HOLD,10000.0
2022-01-20,309.07000732421875,311.6499938964844,301.1400146484375,301.6000061035156,35380700,HOLD,10000.0
2022-01-21,302.69000244140625,304.1099853515625,295.6099853515625,296.0299987792969,57984400,HOLD,10000.0
2022-01-24,292.20001220703125,297.1099853515625,276.04998779296875,296.3699951171875,85731500,HOLD,10000.0
2022-01-25,291.5199890136719,294.989990234375,285.1700134277344,288.489990234375,72848600,HOLD,10000.0
2022-01-26,307.989990234375,308.5,293.0299987792969,296.7099914550781,90428900,HOLD,10000.0
2022-01-27,302.6600036621094,307.29998779296875,297.92999267578125,299.8399963378906,53481300,HOLD,10000.0
2022-01-28,300.2300109863281,308.4800109863281,294.45001220703125,308.260009765625,49743700,HOLD,10000.0
2022-01-31,308.95001220703125,312.3800048828125,306.3699951171875,310.9800109863281,46444500,HOLD,10000.0
2022-02-01,310.4100036621094,310.6300048828125,305.1300048828125,308.760009765625,40950400,HOLD,10000.0
2022-02-02,309.6300048828125,315.1199951171875,308.8800048828125,313.4599914550781,36636000,HOLD,10000.0
2022-02-03,309.489990234375,311.2300109863281,299.9599914550781,301.25,43730000,HOLD,10000.0
2022-02-04,300.2099914550781,308.79998779296875,299.9700012207031,305.94000244140625,35096500,HOLD,10000.0
2022-02-07,306.1700134277344,307.8399963378906,299.8999938964844,300.95001220703125,28533300,HOLD,10000.0
2022-02-08,301.25,305.55999755859375,299.95001220703125,304.55999755859375,32421200,HOLD,10000.0
2022-02-09,309.8699951171875,311.92999267578125,307.3900146484375,311.2099914550781,31284700,HOLD,10000.0
2022-02-10,304.0400085449219,309.1199951171875,300.70001220703125,302.3800048828125,45386200,HOLD,10000.0
2022-02-11,303.19000244140625,304.2900085449219,294.2200012207031,295.0400085449219,39175600,HOLD,10000.0
2022-02-14,293.7699890136719,296.760009765625,291.3500061035156,295.0,36359500,HOLD,10000.0
2022-02-15,300.010009765625,300.79998779296875,297.0199890136719,300.4700012207031,27058300,HOLD,10000.0
2022-02-16,298.3699951171875,300.8699951171875,293.67999267578125,299.5,29982100,HOLD,10000.0
2022-02-17,296.3599853515625,296.79998779296875,290.0,290.7300109863281,32461600,HOLD,10000.0
2022-02-18,293.04998779296875,293.8599853515625,286.30999755859375,287.92999267578125,34264000,HOLD,10000.0
2022-02-22,285.0,291.5400085449219,284.5,287.7200012207031,41736100,HOLD,10000.0
2022-02-23,290.17999267578125,291.70001220703125,280.1000061035156,280.2699890136719,37811200,HOLD,10000.0
2022-02-24,272.510009765625,295.1600036621094,271.5199890136719,294.5899963378906,56989700,HOLD,10000.0
2022-02-25,295.1400146484375,297.6300048828125,291.6499938964844,297.30999755859375,32546700,HOLD,10000.0
2022-02-28,294.30999755859375,299.1400146484375,293.0,298.7900085449219,34627500,HOLD,10000.0
2022-03-01,296.3999938964844,299.9700012207031,292.1499938964844,294.95001220703125,31217800,HOLD,10000.0
2022-03-02,295.3599853515625,301.4700012207031,293.70001220703125,300.19000244140625,31873000,HOLD,10000.0
2022-03-03,302.8900146484375,303.1300048828125,294.04998779296875,295.9200134277344,27314500,HOLD,10000.0
2022-03-04,294.2900085449219,295.6600036621094,287.1700134277344,289.8599853515625,32356500,HOLD,10000.0
2022-03-07,288.5299987792969,289.69000244140625,278.5299987792969,278.9100036621094,43157200,HOLD,10000.0
2022-03-08,277.79998779296875,283.9599914550781,270.0,275.8500061035156,48159500,HOLD,10000.0
2022-03-09,283.44000244140625,289.6000061035156,280.7799987792969,288.5,35204500,HOLD,10000.0
2022-03-10,283.0199890136719,286.6000061035156,280.5799865722656,285.5899963378906,30628000,HOLD,10000.0
2022-03-11,287.9599914550781,289.510009765625,279.42999267578125,280.07000732421875,27209300,HOLD,10000.0
2022-03-14,280.3399963378906,285.3999938964844,275.82000732421875,276.44000244140625,30660700,HOLD,10000.0
2022-03-15,280.3500061035156,287.82000732421875,278.7300109863281,287.1499938964844,34245100,HOLD,10000.0
2022-03-16,289.1099853515625,294.57000732421875,283.20001220703125,294.3900146484375,37826300,HOLD,10000.0
2022-03-17,293.2900085449219,295.6099853515625,289.3699951171875,295.2200012207031,30816600,HOLD,10000.0
2022-03-18,295.3699951171875,301.0,292.7300109863281,300.42999267578125,43390600,HOLD,10000.0
2022-03-21,298.8900146484375,300.1400146484375,294.8999938964844,299.1600036621094,28351200,HOLD,10000.0
2022-03-22,299.79998779296875,305.0,298.7699890136719,304.05999755859375,27599700,HOLD,10000.0
2022-03-23,300.510009765625,303.2300109863281,297.7200012207031,299.489990234375,25715400,HOLD,10000.0
2022-03-24,299.1400146484375,304.20001220703125,298.32000732421875,304.1000061035156,24484500,HOLD,10000.0
2022-03-25,305.2300109863281,305.5,299.2900085449219,303.67999267578125,22566500,HOLD,10000.0
2022-03-28,304.3299865722656,310.79998779296875,304.3299865722656,310.70001220703125,29578200,HOLD,10000.0
2022-03-29,313.9100036621094,315.82000732421875,309.04998779296875,315.4100036621094,30393400,HOLD,10000.0
2022-03-30,313.760009765625,315.95001220703125,311.5799865722656,313.8599853515625,28163600,HOLD,10000.0
2022-03-31,313.8999938964844,315.1400146484375,307.8900146484375,308.30999755859375,33422100,HOLD,10000.0
2022-04-01,309.3699951171875,310.1300048828125,305.5400085449219,309.4200134277344,27110500,HOLD,10000.0
2022-04-04,310.0899963378906,315.1099853515625,309.7099914550781,314.9700012207031,24289600,HOLD,10000.0
2022-04-05,313.2699890136719,314.8699951171875,309.8699951171875,310.8800048828125,23156700,HOLD,10000.0
2022-04-06,305.19000244140625,307.0,296.7099914550781,299.5,40110400,HOLD,10000.0
2022-04-07,296.6600036621094,303.6499938964844,296.3500061035156,301.3699951171875,31411200,HOLD,10000.0
2022-04-08,300.44000244140625,301.1199951171875,296.2799987792969,296.9700012207031,24361900,HOLD,10000.0
2022-04-11,291.7900085449219,292.6099853515625,285.0,285.260009765625,34569300,HOLD,10000.0
2022-04-12,289.239990234375,290.739990234375,280.489990234375,282.05999755859375,30966700,HOLD,10000.0
2022-04-13,282.7300109863281,288.5799865722656,281.29998779296875,287.6199951171875,21907200,HOLD,10000.0
2022-04-14,288.0899963378906,288.30999755859375,279.32000732421875,279.8299865722656,28221600,HOLD,10000.0
2022-04-18,278.9100036621094,282.4599914550781,278.3399963378906,280.5199890136719,20778000,HOLD,10000.0
2022-04-19,279.3800048828125,286.1700134277344,278.4100036621094,285.29998779296875,22297700,HOLD,10000.0
2022-04-20,289.3999938964844,289.70001220703125,285.3699951171875,286.3599853515625,22906700,HOLD,10000.0
2022-04-21,288.5799865722656,293.29998779296875,280.05999755859375,280.80999755859375,29454600,HOLD,10000.0
2022-04-22,281.67999267578125,283.20001220703125,273.3800048828125,274.0299987792969,29405800,HOLD,10000.0
2022-04-25,273.2900085449219,281.1099853515625,270.7699890136719,280.7200012207031,35678900,HOLD,10000.0
2022-04-26,277.5,278.3599853515625,270.0,270.2200012207031,46518400,HOLD,10000.0
2022-04-27,282.1000061035156,290.9700012207031,279.1600036621094,283.2200012207031,63477700,HOLD,10000.0
2022-04-28,285.19000244140625,290.9800109863281,281.4599914550781,289.6300048828125,33646600,HOLD,10000.0
2022-04-29,288.6099853515625,289.8800048828125,276.5,277.5199890136719,37073900,HOLD,10000.0
2022-05-02,277.7099914550781,284.94000244140625,276.2200012207031,284.4700012207031,35151100,HOLD,10000.0
2022-05-03,283.9599914550781,284.1300048828125,280.1499938964844,281.7799987792969,25978600,HOLD,10000.0
2022-05-04,282.5899963378906,290.8800048828125,276.7300109863281,289.9800109863281,33599300,HOLD,10000.0
2022-05-05,285.5400085449219,286.3500061035156,274.3399963378906,277.3500061035156,43260400,HOLD,10000.0
2022-05-06,274.80999755859375,279.25,271.2699890136719,274.7300109863281,37780300,HOLD,10000.0
2022-05-09,270.05999755859375,272.3599853515625,263.32000732421875,264.5799865722656,47726000,HOLD,10000.0
2022-05-10,271.69000244140625,273.75,265.07000732421875,269.5,39336400,HOLD,10000.0
2022-05-11,265.67999267578125,271.3599853515625,259.29998779296875,260.54998779296875,48975900,HOLD,10000.0
2022-05-12,257.69000244140625,259.8800048828125,250.02000427246094,255.35000610351562,51033800,HOLD,10000.0
2022-05-13,257.3500061035156,263.0400085449219,255.35000610351562,261.1199951171875,34925100,HOLD,10000.0
2022-05-16,259.9599914550781,265.82000732421875,255.77999877929688,261.5,32550900,HOLD,10000.0
2022-05-17,266.1099853515625,268.3299865722656,262.4599914550781,266.82000732421875,28828800,HOLD,10000.0
2022-05-18,263.0,263.6000061035156,252.77000427246094,254.0800018310547,31356000,HOLD,10000.0
2022-05-19,253.89999389648438,257.6700134277344,251.8800048828125,253.13999938964844,32692300,HOLD,10000.0
2022-05-20,257.239990234375,258.5400085449219,246.44000244140625,252.55999755859375,39199300,HOLD,10000.0
2022-05-23,255.49000549316406,261.5,253.42999267578125,260.6499938964844,33175400,HOLD,10000.0
2022-05-24,257.8900146484375,261.3299865722656,253.5,259.6199951171875,29043900,HOLD,10000.0
2022-05-25,258.1400146484375,264.5799865722656,257.1300048828125,262.5199890136719,28547900,HOLD,10000.0
2022-05-26,262.2699890136719,267.1099853515625,261.42999267578125,265.8999938964844,25002100,HOLD,10000.0
2022-05-27,268.4800109863281,273.3399963378906,267.55999755859375,273.239990234375,26910800,HOLD,10000.0
2022-05-31,272.5299987792969,274.7699890136719,268.92999267578125,271.8699951171875,37827700,HOLD,10000.0
2022-06-01,275.20001220703125,277.69000244140625,270.0400085449219,272.4200134277344,25292200,HOLD,10000.0
2022-06-02,264.45001220703125,274.6499938964844,261.6000061035156,274.5799865722656,44008200,HOLD,10000.0
2022-06-03,270.30999755859375,273.45001220703125,268.4100036621094,270.0199890136719,28059000,HOLD,10000.0
2022-06-06,272.05999755859375,274.17999267578125,267.2200012207031,268.75,22400300,HOLD,10000.0
2022-06-07,266.6400146484375,273.1300048828125,265.94000244140625,272.5,22860700,HOLD,10000.0
2022-06-08,271.7099914550781,273.0,269.6099853515625,270.4100036621094,17372300,HOLD,10000.0
2022-06-09,267.7799987792969,272.7099914550781,264.6300048828125,264.7900085449219,26439700,HOLD,10000.0
2022-06-10,260.5799865722656,260.5799865722656,252.52999877929688,252.99000549316406,31422800,HOLD,10000.0
2022-06-13,245.11000061035156,249.02000427246094,241.52999877929688,242.25999450683594,46135800,HOLD,10000.0
2022-06-14,243.86000061035156,245.74000549316406,241.50999450683594,244.49000549316406,28651500,HOLD,10000.0
2022-06-15,248.30999755859375,255.3000030517578,246.4199981689453,251.75999450683594,33111700,HOLD,10000.0
2022-06-16,245.97999572753906,247.4199981689453,243.02000427246094,244.97000122070312,33169200,HOLD,10000.0
2022-06-17,244.6999969482422,250.5,244.02999877929688,247.64999389648438,43084800,HOLD,10000.0
2022-06-21,250.25999450683594,254.75,249.50999450683594,253.74000549316406,29928300,HOLD,10000.0
2022-06-22,251.88999938964844,257.1700134277344,250.3699951171875,253.1300048828125,25939900,HOLD,10000.0
2022-06-23,255.57000732421875,259.3699951171875,253.6300048828125,258.8599853515625,25861400,HOLD,10000.0
2022-06-24,261.80999755859375,267.9800109863281,261.7200012207031,267.70001220703125,33923200,HOLD,10000.0
2022-06-27,268.2099914550781,268.29998779296875,263.2799987792969,264.8900146484375,24615100,HOLD,10000.0
2022-06-28,263.9800109863281,266.9100036621094,256.32000732421875,256.4800109863281,27295500,HOLD,10000.0
2022-06-29,257.5899963378906,261.9700012207031,255.75999450683594,260.260009765625,20069800,HOLD,10000.0
2022-06-30,257.04998779296875,259.5299987792969,252.89999389648438,256.8299865722656,31730900,HOLD,10000.0
2022-07-01,256.3900146484375,259.7699890136719,254.61000061035156,259.5799865722656,22837700,HOLD,10000.0
2022-07-05,256.1600036621094,262.9800109863281,254.74000549316406,262.8500061035156,22941000,HOLD,10000.0
2022-07-06,263.75,267.989990234375,262.3999938964844,266.2099914550781,23824400,HOLD,10000.0
2022-07-07,265.1199951171875,269.05999755859375,265.0199890136719,268.3999938964844,20859900,HOLD,10000.0
2022-07-08,264.7900085449219,268.1000061035156,263.2900085449219,267.6600036621094,19658800,HOLD,10000.0
2022-07-11,265.6499938964844,266.5299987792969,262.17999267578125,264.510009765625,19455200,HOLD,10000.0
2022-07-12,265.8800048828125,265.94000244140625,252.0399932861328,253.6699981689453,35868500,HOLD,10000.0
2022-07-13,250.19000244140625,253.5500030517578,248.11000061035156,252.72000122070312,29497400,HOLD,10000.0
2022-07-14,250.57000732421875,255.13999938964844,245.94000244140625,254.0800018310547,25102800,HOLD,10000.0
2022-07-15,255.72000122070312,260.3699951171875,254.77000427246094,256.7200012207031,29774100,HOLD,10000.0
2022-07-18,259.75,260.8399963378906,253.3000030517578,254.25,20975000,HOLD,10000.0
2022-07-19,257.5799865722656,259.7200012207031,253.67999267578125,259.5299987792969,25012600,HOLD,10000.0
2022-07-20,259.8999938964844,264.8699951171875,258.9100036621094,262.2699890136719,22788300,HOLD,10000.0
2022-07-21,259.7900085449219,264.8900146484375,257.0299987792969,264.8399963378906,22404700,HOLD,10000.0
2022-07-22,265.239990234375,265.3299865722656,259.07000732421875,260.3599853515625,21881300,HOLD,10000.0
2022-07-25,261.0,261.5,256.80999755859375,258.8299865722656,21056000,HOLD,10000.0
2022-07-26,259.8599853515625,259.8800048828125,249.57000732421875,251.89999389648438,39348000,HOLD,10000.0
2022-07-27,261.1600036621094,270.04998779296875,258.8500061035156,268.739990234375,45994000,HOLD,10000.0
2022-07-28,269.75,277.8399963378906,267.8699951171875,276.4100036621094,33459300,HOLD,10000.0
2022-07-29,277.70001220703125,282.0,276.6300048828125,280.739990234375,32152800,HOLD,10000.0
2022-08-01,277.82000732421875,281.2799987792969,275.8399963378906,278.010009765625,21539600,HOLD,10000.0
2022-08-02,276.0,277.8900146484375,272.3800048828125,274.82000732421875,22754200,HOLD,10000.0
2022-08-03,276.760009765625,283.5,276.6099853515625,282.4700012207031,23518900,HOLD,10000.0
2022-08-04,281.79998779296875,283.79998779296875,280.1700134277344,283.6499938964844,18098700,HOLD,10000.0
2022-08-05,279.1499938964844,283.6499938964844,278.67999267578125,282.9100036621094,16774600,HOLD,10000.0
2022-08-08,284.04998779296875,285.9200134277344,279.32000732421875,280.32000732421875,18739200,HOLD,10000.0
2022-08-09,279.6400146484375,283.0799865722656,277.6099853515625,282.29998779296875,23405200,HOLD,10000.0
2022-08-10,288.1700134277344,289.80999755859375,286.94000244140625,289.1600036621094,24687800,HOLD,10000.0
2022-08-11,290.8500061035156,291.2099914550781,286.510009765625,287.0199890136719,20065900,HOLD,10000.0
2022-08-12,288.4800109863281,291.9100036621094,286.94000244140625,291.9100036621094,22619700,HOLD,10000.0
2022-08-15,291.0,294.17999267578125,290.1099853515625,293.4700012207031,18085700,HOLD,10000.0
2022-08-16,291.989990234375,294.0400085449219,290.4200134277344,292.7099914550781,18102900,HOLD,10000.0
2022-08-17,289.739990234375,293.3500061035156,289.4700012207031,291.32000732421875,18253400,HOLD,10000.0
2022-08-18,290.19000244140625,291.9100036621094,289.0799865722656,290.1700134277344,17186200,HOLD,10000.0
2022-08-19,288.8999938964844,289.25,285.55999755859375,286.1499938964844,20570000,HOLD,10000.0
2022-08-22,282.0799865722656,282.4599914550781,277.2200012207031,277.75,25061100,HOLD,10000.0
2022-08-23,276.44000244140625,278.8599853515625,275.3999938964844,276.44000244140625,17527400,HOLD,10000.0
2022-08-24,275.4100036621094,277.2300109863281,275.1099853515625,275.7900085449219,18137000,HOLD,10000.0
2022-08-25,277.3299865722656,279.0199890136719,274.5199890136719,278.8500061035156,16583400,HOLD,10000.0
2022-08-26,279.0799865722656,280.3399963378906,267.9800109863281,268.0899963378906,27549300,HOLD,10000.0
2022-08-29,265.8500061035156,267.3999938964844,263.8500061035156,265.2300109863281,20338500,HOLD,10000.0
2022-08-30,266.6700134277344,267.04998779296875,260.6600036621094,262.9700012207031,22767100,HOLD,10000.0
2022-08-31,265.3900146484375,267.1099853515625,261.3299865722656,261.4700012207031,24791800,HOLD,10000.0
2022-09-01,258.8699951171875,260.8900146484375,255.41000366210938,260.3999938964844,23263400,HOLD,10000.0
2022-09-02,261.70001220703125,264.739990234375,254.47000122070312,256.05999755859375,22855400,HOLD,10000.0
2022-09-06,256.20001220703125,257.8299865722656,251.94000244140625,253.25,21328200,HOLD,10000.0
2022-09-07,254.6999969482422,258.8299865722656,253.22000122070312,258.0899963378906,24126700,HOLD,10000.0
2022-09-08,257.510009765625,260.42999267578125,254.7899932861328,258.5199890136719,20319900,HOLD,10000.0
2022-09-09,260.5,265.2300109863281,260.2900085449219,264.4599914550781,22084700,HOLD,10000.0
2022-09-12,265.7799987792969,267.45001220703125,265.1600036621094,266.6499938964844,18747700,HOLD,10000.0
2022-09-13,258.8399963378906,260.3999938964844,251.58999633789062,251.99000549316406,33353300,HOLD,10000.0
2022-09-14,253.52999877929688,254.22999572753906,249.86000061035156,252.22000122070312,23913000,HOLD,10000.0
2022-09-15,249.77000427246094,251.39999389648438,244.02000427246094,245.3800048828125,31530900,HOLD,10000.0
2022-09-16,244.25999450683594,245.3000030517578,242.05999755859375,244.74000549316406,39791800,HOLD,10000.0
2022-09-19,242.47000122070312,245.13999938964844,240.85000610351562,244.52000427246094,26826900,HOLD,10000.0
2022-09-20,242.07000732421875,243.50999450683594,239.63999938964844,242.4499969482422,26660300,HOLD,10000.0
2022-09-21,244.27000427246094,247.66000366210938,238.89999389648438,238.9499969482422,28625600,HOLD,10000.0
2022-09-22,237.8699951171875,243.86000061035156,237.57000732421875,240.97999572753906,31061200,HOLD,10000.0
2022-09-23,239.5399932861328,241.1300048828125,235.1999969482422,237.9199981689453,34176000,HOLD,10000.0
2022-09-26,237.0500030517578,241.4499969482422,236.89999389648438,237.4499969482422,27694200,HOLD,10000.0
2022-09-27,239.97999572753906,241.8000030517578,234.5,236.41000366210938,27018700,HOLD,10000.0
2022-09-28,236.80999755859375,242.3300018310547,234.72999572753906,241.07000732421875,29029700,HOLD,10000.0
2022-09-29,238.88999938964844,239.9499969482422,234.41000366210938,237.5,27484200,HOLD,10000.0
2022-09-30,238.2899932861328,240.5399932861328,232.72999572753906,232.89999389648438,35694800,HOLD,10000.0
2022-10-03,235.41000366210938,241.61000061035156,234.66000366210938,240.74000549316406,28880400,HOLD,10000.0
2022-10-04,245.08999633789062,250.36000061035156,244.97999572753906,248.8800048828125,34888400,HOLD,10000.0
2022-10-05,245.99000549316406,250.5800018310547,244.10000610351562,249.1999969482422,20347100,HOLD,10000.0
2022-10-06,247.92999267578125,250.33999633789062,246.0800018310547,246.7899932861328,20239900,HOLD,10000.0
2022-10-07,240.89999389648438,241.32000732421875,233.1699981689453,234.24000549316406,37769600,HOLD,10000.0
2022-10-10,233.0500030517578,234.55999755859375,226.72999572753906,229.25,29743600,HOLD,10000.0
2022-10-11,227.6199951171875,229.05999755859375,224.11000061035156,225.41000366210938,30474000,HOLD,10000.0
2022-10-12,225.39999389648438,227.86000061035156,223.9600067138672,225.75,21903900,HOLD,10000.0
2022-10-13,219.85000610351562,236.10000610351562,219.1300048828125,234.24000549316406,42551800,HOLD,10000.0
2022-10-14,235.5399932861328,237.24000549316406,228.33999633789062,228.55999755859375,30198600,HOLD,10000.0
2022-10-17,235.82000732421875,238.9600067138672,235.13999938964844,237.52999877929688,28142300,HOLD,10000.0
2022-10-18,243.24000549316406,243.92999267578125,235.3699951171875,238.5,26329600,HOLD,10000.0
2022-10-19,237.0399932861328,239.61000061035156,234.2899932861328,236.47999572753906,19985700,HOLD,10000.0
2022-10-20,235.77000427246094,241.30999755859375,234.8699951171875,236.14999389648438,21811000,HOLD,10000.0
2022-10-21,234.74000549316406,243.0,234.5,242.1199951171875,26299700,HOLD,10000.0
2022-10-24,243.75999450683594,247.83999633789062,241.3000030517578,247.25,24911200,HOLD,10000.0
2022-10-25,247.25999450683594,251.0399932861328,245.8300018310547,250.66000366210938,34775500,HOLD,10000.0
2022-10-26,231.1699981689453,238.3000030517578,230.05999755859375,231.32000732421875,82543200,HOLD,10000.0
2022-10-27,231.0399932861328,233.69000244140625,225.77999877929688,226.75,40424600,HOLD,10000.0
2022-10-28,226.24000549316406,236.60000610351562,226.0500030517578,235.8699951171875,40647700,HOLD,10000.0
2022-10-31,233.75999450683594,234.9199981689453,231.14999389648438,232.1300048828125,28357300,HOLD,10000.0
2022-11-01,234.60000610351562,235.74000549316406,227.3300018310547,228.1699981689453,30592300,HOLD,10000.0
2022-11-02,229.4600067138672,231.3000030517578,220.0399932861328,220.10000610351562,38407000,HOLD,10000.0
2022-11-03,220.08999633789062,220.41000366210938,213.97999572753906,214.25,36633900,HOLD,10000.0
2022-11-04,217.5500030517578,221.58999633789062,213.42999267578125,221.38999938964844,36789100,HOLD,10000.0
2022-11-07,221.99000549316406,228.41000366210938,221.27999877929688,227.8699951171875,33498000,HOLD,10000.0
2022-11-08,228.6999969482422,231.64999389648438,225.83999633789062,228.8699951171875,28192500,HOLD,10000.0
2022-11-09,227.3699951171875,228.6300048828125,224.3300018310547,224.50999450683594,27852900,HOLD,10000.0
2022-11-10,235.42999267578125,243.3300018310547,235.0,242.97999572753906,46268000,HOLD,10000.0
2022-11-11,242.99000549316406,247.99000549316406,241.92999267578125,247.11000061035156,34620200,HOLD,10000.0
2022-11-14,241.99000549316406,243.91000366210938,239.2100067138672,241.5500030517578,31123300,HOLD,10000.0
2022-11-15,245.66000366210938,247.0,240.02999877929688,241.97000122070312,31390100,HOLD,10000.0
2022-11-16,242.7899932861328,243.8000030517578,240.4199981689453,241.72999572753906,24093300,HOLD,10000.0
2022-11-17,237.77999877929688,243.25,237.6300048828125,241.67999267578125,23123500,HOLD,10000.0
2022-11-18,243.50999450683594,243.74000549316406,239.02999877929688,241.22000122070312,27613500,HOLD,10000.0
2022-11-21,241.42999267578125,244.6699981689453,241.19000244140625,242.0500030517578,26394700,HOLD,10000.0
2022-11-22,243.58999633789062,245.30999755859375,240.7100067138672,245.02999877929688,19665700,HOLD,10000.0
2022-11-23,245.11000061035156,248.27999877929688,244.27000427246094,247.5800018310547,19508500,HOLD,10000.0
2022-11-25,247.30999755859375,248.6999969482422,246.72999572753906,247.49000549316406,9200800,HOLD,10000.0
2022-11-28,246.0800018310547,246.64999389648438,240.8000030517578,241.75999450683594,24778200,HOLD,10000.0
2022-11-29,241.39999389648438,242.7899932861328,238.2100067138672,240.3300018310547,17956300,HOLD,10000.0
2022-11-30,240.57000732421875,255.3300018310547,239.86000061035156,255.13999938964844,47594200,HOLD,10000.0
2022-12-01,253.8699951171875,256.1199951171875,250.9199981689453,254.69000244140625,26041500,HOLD,10000.0
2022-12-02,249.82000732421875,256.05999755859375,249.69000244140625,255.02000427246094,21528500,HOLD,10000.0
2022-12-05,252.00999450683594,253.82000732421875,248.05999755859375,250.1999969482422,23435300,HOLD,10000.0
2022-12-06,250.82000732421875,251.86000061035156,243.77999877929688,245.1199951171875,22463700,HOLD,10000.0
2022-12-07,244.8300018310547,246.16000366210938,242.2100067138672,244.3699951171875,20481500,HOLD,10000.0
2022-12-08,244.83999633789062,248.74000549316406,243.05999755859375,247.39999389648438,22611800,HOLD,10000.0
2022-12-09,244.6999969482422,248.30999755859375,244.16000366210938,245.4199981689453,20609700,HOLD,10000.0
2022-12-12,247.4499969482422,252.5399932861328,247.1699981689453,252.50999450683594,30665100,HOLD,10000.0
2022-12-13,261.69000244140625,263.9200134277344,253.07000732421875,256.9200134277344,42196900,HOLD,10000.0
2022-12-14,257.1300048828125,262.5899963378906,254.30999755859375,257.2200012207031,35410900,HOLD,10000.0
2022-12-15,253.72000122070312,254.1999969482422,247.33999633789062,249.00999450683594,35560400,HOLD,10000.0
2022-12-16,248.5500030517578,249.83999633789062,243.50999450683594,244.69000244140625,86102000,HOLD,10000.0
2022-12-19,244.86000061035156,245.2100067138672,238.7100067138672,240.4499969482422,29696400,HOLD,10000.0
2022-12-20,239.39999389648438,242.91000366210938,238.4199981689453,241.8000030517578,25150800,HOLD,10000.0
2022-12-21,241.69000244140625,245.6199951171875,240.11000061035156,244.42999267578125,23690600,HOLD,10000.0
2022-12-22,241.25999450683594,241.99000549316406,233.8699951171875,238.19000244140625,28651700,HOLD,10000.0
2022-12-23,236.11000061035156,238.8699951171875,233.94000244140625,238.72999572753906,21207000,HOLD,10000.0
2022-12-27,238.6999969482422,238.92999267578125,235.8300018310547,236.9600067138672,16688600,HOLD,10000.0
2022-12-28,236.88999938964844,239.72000122070312,234.1699981689453,234.52999877929688,17457100,HOLD,10000.0
2022-12-29,235.64999389648438,241.9199981689453,235.64999389648438,241.00999450683594,19770700,HOLD,10000.0
2022-12-30,238.2100067138672,239.9600067138672,236.66000366210938,239.82000732421875,21938500,HOLD,10000.0
2023-01-03,243.0800018310547,245.75,237.39999389648438,239.5800018310547,25740000,HOLD,10000.0
2023-01-04,232.27999877929688,232.8699951171875,225.9600067138672,229.10000610351562,50623400,HOLD,10000.0
2023-01-05,227.1999969482422,227.5500030517578,221.75999450683594,222.30999755859375,39585600,HOLD,10000.0
2023-01-06,223.0,225.75999450683594,219.35000610351562,224.92999267578125,43613600,HOLD,10000.0
2023-01-09,226.4499969482422,231.24000549316406,226.41000366210938,227.1199951171875,27369800,HOLD,10000.0
2023-01-10,227.75999450683594,231.30999755859375,227.3300018310547,228.85000610351562,27033900,HOLD,10000.0
2023-01-11,231.2899932861328,235.9499969482422,231.11000061035156,235.77000427246094,28669300,HOLD,10000.0
2023-01-12,235.25999450683594,239.89999389648438,233.55999755859375,238.50999450683594,27269500,HOLD,10000.0
2023-01-13,237.0,239.3699951171875,234.9199981689453,239.22999572753906,21333300,HOLD,10000.0
2023-01-17,237.97000122070312,240.91000366210938,237.08999633789062,240.35000610351562,29831300,HOLD,10000.0
2023-01-18,241.57000732421875,242.3800048828125,235.52000427246094,235.80999755859375,30028700,HOLD,10000.0
2023-01-19,233.77999877929688,235.52000427246094,230.67999267578125,231.92999267578125,28623000,HOLD,10000.0
2023-01-20,234.86000061035156,240.74000549316406,234.50999450683594,240.22000122070312,35389800,HOLD,10000.0
2023-01-23,241.10000610351562,245.1699981689453,239.64999389648438,242.5800018310547,31934000,HOLD,10000.0
2023-01-24,242.5,243.9499969482422,240.44000244140625,242.0399932861328,40234400,HOLD,10000.0
2023-01-25,234.47999572753906,243.3000030517578,230.89999389648438,240.61000061035156,66526600,HOLD,10000.0
2023-01-26,243.64999389648438,248.30999755859375,242.0,248.0,33454500,HOLD,10000.0
2023-01-27,248.99000549316406,249.8300018310547,246.8300018310547,248.16000366210938,26498900,HOLD,10000.0
2023-01-30,244.50999450683594,245.60000610351562,242.1999969482422,242.7100067138672,25867400,HOLD,10000.0
2023-01-31,243.4499969482422,247.9499969482422,242.9499969482422,247.80999755859375,26541100,HOLD,10000.0
2023-02-01,248.0,255.17999267578125,245.47000122070312,252.75,31259900,HOLD,10000.0
2023-02-02,258.82000732421875,264.69000244140625,257.25,264.6000061035156,39940400,HOLD,10000.0
2023-02-03,259.5400085449219,264.20001220703125,257.1000061035156,258.3500061035156,29077300,HOLD,10000.0
2023-02-06,257.44000244140625,258.29998779296875,254.77999877929688,256.7699890136719,22518000,HOLD,10000.0
2023-02-07,260.5299987792969,268.7699890136719,260.0799865722656,267.55999755859375,50841400,HOLD,10000.0
2023-02-08,273.20001220703125,276.760009765625,266.2099914550781,266.7300109863281,54686000,HOLD,10000.0
2023-02-09,273.79998779296875,273.9800109863281,262.79998779296875,263.6199951171875,42375100,HOLD,10000.0
2023-02-10,261.5299987792969,264.0899963378906,260.6600036621094,263.1000061035156,25818500,HOLD,10000.0
2023-02-13,267.6400146484375,274.6000061035156,267.1499938964844,271.32000732421875,44630900,HOLD,10000.0
2023-02-14,272.6700134277344,274.9700012207031,269.2799987792969,272.1700134277344,37047900,HOLD,10000.0
2023-02-15,268.32000732421875,270.7300109863281,266.17999267578125,269.32000732421875,28922400,HOLD,10000.0
2023-02-16,264.0199890136719,266.739990234375,261.8999938964844,262.1499938964844,29603600,HOLD,10000.0
2023-02-17,259.3900146484375,260.0899963378906,256.0,258.05999755859375,30000100,HOLD,10000.0
2023-02-21,254.47999572753906,255.49000549316406,251.58999633789062,252.6699981689453,28397400,HOLD,10000.0
2023-02-22,254.08999633789062,254.33999633789062,250.33999633789062,251.50999450683594,22491100,HOLD,10000.0
2023-02-23,255.55999755859375,256.8399963378906,250.47999572753906,254.77000427246094,29219100,HOLD,10000.0
2023-02-24,249.9600067138672,251.0,248.10000610351562,249.22000122070312,24990900,HOLD,10000.0
2023-02-27,252.4600067138672,252.82000732421875,249.38999938964844,250.16000366210938,21190000,HOLD,10000.0
2023-02-28,249.07000732421875,251.49000549316406,248.72999572753906,249.4199981689453,22491000,HOLD,10000.0
2023-03-01,250.75999450683594,250.92999267578125,245.7899932861328,246.27000427246094,27565300,HOLD,10000.0
2023-03-02,246.5500030517578,251.39999389648438,245.61000061035156,251.11000061035156,24808200,HOLD,10000.0
2023-03-03,252.19000244140625,255.6199951171875,251.38999938964844,255.2899932861328,30760100,HOLD,10000.0
2023-03-06,256.42999267578125,260.1199951171875,255.97999572753906,256.8699951171875,24109800,HOLD,10000.0
2023-03-07,256.29998779296875,257.69000244140625,253.38999938964844,254.14999389648438,21473200,HOLD,10000.0
2023-03-08,254.0399932861328,254.5399932861328,250.80999755859375,253.6999969482422,17340200,HOLD,10000.0
2023-03-09,255.82000732421875,259.55999755859375,251.5800018310547,252.32000732421875,26653400,HOLD,10000.0
2023-03-10,251.0800018310547,252.7899932861328,247.60000610351562,248.58999633789062,28333900,HOLD,10000.0
2023-03-13,247.39999389648438,257.9100036621094,245.72999572753906,253.9199981689453,33339700,HOLD,10000.0
2023-03-14,256.75,261.07000732421875,255.86000061035156,260.7900085449219,33620300,HOLD,10000.0
2023-03-15,259.9800109863281,266.4800109863281,259.2099914550781,265.44000244140625,46028000,HOLD,10000.0
2023-03-16,265.2099914550781,276.55999755859375,263.2799987792969,276.20001220703125,54768800,HOLD,10000.0
2023-03-17,278.260009765625,283.3299865722656,276.32000732421875,279.42999267578125,69527400,HOLD,10000.0
2023-03-20,276.9800109863281,277.4800109863281,269.8500061035156,272.2300109863281,43466600,HOLD,10000.0
2023-03-21,274.8800048828125,275.0,269.5199890136719,273.7799987792969,34558700,HOLD,10000.0
2023-03-22,273.3999938964844,281.0400085449219,272.17999267578125,272.2900085449219,34873300,HOLD,10000.0
2023-03-23,277.94000244140625,281.05999755859375,275.20001220703125,277.6600036621094,36610900,HOLD,10000.0
2023-03-24,277.239990234375,280.6300048828125,275.2799987792969,280.57000732421875,28172000,HOLD,10000.0
2023-03-27,280.5,281.4599914550781,275.5199890136719,276.3800048828125,26840200,HOLD,10000.0
2023-03-28,275.7900085449219,276.1400146484375,272.04998779296875,275.2300109863281,21878600,HOLD,10000.0
2023-03-29,278.9599914550781,281.1400146484375,278.4100036621094,280.510009765625,25087000,HOLD,10000.0
2023-03-30,284.2300109863281,284.4599914550781,281.4800109863281,284.04998779296875,25053400,HOLD,10000.0
2023-03-31,283.7300109863281,289.2699890136719,283.0,288.29998779296875,32766000,HOLD,10000.0
2023-04-03,286.5199890136719,288.2699890136719,283.95001220703125,287.2300109863281,24883300,HOLD,10000.0
2023-04-04,287.2300109863281,290.45001220703125,285.6700134277344,287.17999267578125,25824300,HOLD,10000.0
2023-04-05,285.8500061035156,287.1499938964844,282.9200134277344,284.3399963378906,22064800,HOLD,10000.0
2023-04-06,283.2099914550781,292.0799865722656,282.0299987792969,291.6000061035156,29770300,HOLD,10000.0
2023-04-10,289.2099914550781,289.6000061035156,284.7099914550781,289.3900146484375,23103000,HOLD,10000.0
2023-04-11,285.75,285.9800109863281,281.6400146484375,282.8299865722656,27276600,HOLD,10000.0
2023-04-12,284.7900085449219,287.010009765625,281.9599914550781,283.489990234375,27403400,HOLD,10000.0
2023-04-13,283.5899963378906,289.8999938964844,283.1700134277344,289.8399963378906,24222700,HOLD,10000.0
2023-04-14,287.0,288.4800109863281,283.69000244140625,286.1400146484375,20987900,HOLD,10000.0
2023-04-17,289.92999267578125,291.6000061035156,286.1600036621094,288.79998779296875,23836200,HOLD,10000.0
2023-04-18,291.57000732421875,291.760009765625,287.010009765625,288.3699951171875,20161800,HOLD,10000.0
2023-04-19,285.989990234375,289.04998779296875,284.5400085449219,288.45001220703125,17150300,HOLD,10000.0
2023-04-20,285.25,289.0299987792969,285.0799865722656,286.1099853515625,23244400,HOLD,10000.0
2023-04-21,285.010009765625,286.2699890136719,283.05999755859375,285.760009765625,21676400,HOLD,10000.0
2023-04-24,282.0899963378906,284.95001220703125,278.7200012207031,281.7699890136719,26611000,HOLD,10000.0
2023-04-25,279.510009765625,281.6000061035156,275.3699951171875,275.4200134277344,45772200,HOLD,10000.0
2023-04-26,296.70001220703125,299.57000732421875,292.7300109863281,295.3699951171875,64599200,HOLD,10000.0
2023-04-27,295.9700012207031,305.20001220703125,295.25,304.8299865722656,46462600,HOLD,10000.0
2023-04-28,304.010009765625,308.92999267578125,303.30999755859375,307.260009765625,36446700,HOLD,10000.0
2023-05-01,306.9700012207031,308.6000061035156,305.1499938964844,305.55999755859375,21294100,HOLD,10000.0
2023-05-02,307.760009765625,309.17999267578125,303.9100036621094,305.4100036621094,26404400,HOLD,10000.0
2023-05-03,306.6199951171875,308.6099853515625,304.0899963378906,304.3999938964844,22360800,HOLD,10000.0
2023-05-04,306.239990234375,307.760009765625,303.3999938964844,305.4100036621094,22519900,HOLD,10000.0
2023-05-05,305.7200012207031,311.9700012207031,304.2699890136719,310.6499938964844,28181200,HOLD,10000.0
2023-05-08,310.1300048828125,310.20001220703125,306.0899963378906,308.6499938964844,21318600,HOLD,10000.0
2023-05-09,308.0,310.0400085449219,306.30999755859375,307.0,21340800,HOLD,10000.0
2023-05-10,308.6199951171875,313.0,307.6700134277344,312.30999755859375,30078000,HOLD,10000.0
2023-05-11,310.1000061035156,311.1199951171875,306.260009765625,310.1099853515625,31680200,HOLD,10000.0
2023-05-12,310.54998779296875,310.6499938964844,306.6000061035156,308.9700012207031,19758100,HOLD,10000.0
2023-05-15,309.1000061035156,309.8999938964844,307.5899963378906,309.4599914550781,16336500,HOLD,10000.0
2023-05-16,309.8299865722656,313.7099914550781,309.8299865722656,311.739990234375,26730300,HOLD,10000.0
2023-05-17,312.2900085449219,314.42999267578125,310.739990234375,314.0,24315000,HOLD,10000.0
2023-05-18,314.5299987792969,319.0400085449219,313.7200012207031,318.5199890136719,27276000,HOLD,10000.0
2023-05-19,316.739990234375,318.75,316.3699951171875,318.3399963378906,27529500,HOLD,10000.0
2023-05-22,318.6000061035156,322.5899963378906,318.010009765625,321.17999267578125,24115700,HOLD,10000.0
2023-05-23,320.0299987792969,322.7200012207031,315.25,315.260009765625,30797200,HOLD,10000.0
2023-05-24,314.7300109863281,316.5,312.6099853515625,313.8500061035156,23384900,HOLD,10000.0
2023-05-25,323.239990234375,326.8999938964844,320.0,325.9200134277344,43301700,HOLD,10000.0
2023-05-26,324.0199890136719,333.3999938964844,323.8800048828125,332.8900146484375,36630600,HOLD,10000.0
2023-05-30,335.2300109863281,335.739990234375,330.5199890136719,331.2099914550781,29503100,HOLD,10000.0
2023-05-31,332.2900085449219,335.94000244140625,327.3299865722656,328.3900146484375,45950600,HOLD,10000.0
2023-06-01,325.92999267578125,333.5299987792969,324.7200012207031,332.5799865722656,26773900,HOLD,10000.0
2023-06-02,334.25,337.5,332.54998779296875,335.3999938964844,25864000,HOLD,10000.0
2023-06-05,335.2200012207031,338.55999755859375,334.6600036621094,335.94000244140625,21307100,HOLD,10000.0
2023-06-06,335.3299865722656,335.3699951171875,332.1700134277344,333.67999267578125,20396200,HOLD,10000.0
2023-06-07,331.6499938964844,334.489990234375,322.5,323.3800048828125,40717100,HOLD,10000.0
2023-06-08,323.94000244140625,326.6400146484375,323.3500061035156,325.260009765625,23277700,HOLD,10000.0
2023-06-09,324.989990234375,329.989990234375,324.4100036621094,326.7900085449219,22514900,HOLD,10000.0
2023-06-12,328.5799865722656,332.1000061035156,325.1600036621094,331.8500061035156,24260300,HOLD,10000.0
2023-06-13,334.4700012207031,336.9800109863281,330.3900146484375,334.2900085449219,22951300,HOLD,10000.0
2023-06-14,334.3399963378906,339.0400085449219,332.80999755859375,337.3399963378906,26003800,HOLD,10000.0
2023-06-15,337.4800109863281,349.8399963378906,337.20001220703125,348.1000061035156,38899100,HOLD,10000.0
2023-06-16,351.32000732421875,351.4700012207031,341.95001220703125,342.3299865722656,46533600,HOLD,10000.0
2023-06-20,339.30999755859375,342.0799865722656,335.8599853515625,338.04998779296875,26375400,HOLD,10000.0
2023-06-21,336.3699951171875,337.7300109863281,332.07000732421875,333.55999755859375,25117800,HOLD,10000.0
2023-06-22,334.1199951171875,340.1199951171875,333.3399963378906,339.7099914550781,23556800,HOLD,10000.0
2023-06-23,334.3599853515625,337.9599914550781,333.45001220703125,335.0199890136719,23084700,HOLD,10000.0
2023-06-26,333.7200012207031,336.1099853515625,328.489990234375,328.6000061035156,21520600,HOLD,10000.0
2023-06-27,331.8599853515625,336.1499938964844,329.29998779296875,334.57000732421875,24354100,HOLD,10000.0
2023-06-28,334.6600036621094,337.9800109863281,333.80999755859375,335.8500061035156,20259500,HOLD,10000.0
2023-06-29,334.7099914550781,336.1099853515625,332.6199951171875,335.04998779296875,16997000,HOLD,10000.0
2023-06-30,337.75,342.7300109863281,337.20001220703125,340.5400085449219,26823800,HOLD,10000.0
2023-07-03,339.19000244140625,340.8999938964844,336.57000732421875,337.989990234375,12508700,HOLD,10000.0
2023-07-05,335.0899963378906,341.6499938964844,334.7300109863281,338.1499938964844,18172400,HOLD,10000.0
2023-07-06,337.29998779296875,342.989990234375,335.5,341.2699890136719,28161200,HOLD,10000.0
2023-07-07,339.32000732421875,341.7900085449219,337.0,337.2200012207031,21185300,HOLD,10000.0
2023-07-10,334.6000061035156,335.2300109863281,327.5899963378906,331.8299865722656,32791400,HOLD,10000.0
2023-07-11,331.05999755859375,332.8599853515625,327.0,332.4700012207031,26698200,HOLD,10000.0
2023-07-12,336.6000061035156,341.6499938964844,335.6700134277344,337.20001220703125,29995300,HOLD,10000.0
2023-07-13,339.55999755859375,343.739990234375,339.0199890136719,342.6600036621094,20567200,HOLD,10000.0
2023-07-14,347.5899963378906,351.42999267578125,344.30999755859375,345.239990234375,28302200,HOLD,10000.0
2023-07-17,345.67999267578125,346.989990234375,342.20001220703125,345.7300109863281,20363900,HOLD,10000.0
2023-07-18,345.8299865722656,366.7799987792969,342.1700134277344,359.489990234375,64872700,HOLD,10000.0
2023-07-19,361.75,362.4599914550781,352.44000244140625,355.0799865722656,39732900,HOLD,10000.0
2023-07-20,353.57000732421875,357.9700012207031,345.3699951171875,346.8699951171875,33778400,HOLD,10000.0
2023-07-21,349.1499938964844,350.29998779296875,339.8299865722656,343.7699890136719,69368900,HOLD,10000.0
2023-07-24,345.8500061035156,346.9200134277344,342.30999755859375,345.1099853515625,26678100,HOLD,10000.0
2023-07-25,347.1099853515625,351.8900146484375,345.07000732421875,350.9800109863281,41637700,HOLD,10000.0
2023-07-26,341.44000244140625,344.6700134277344,333.1099853515625,337.7699890136719,58383700,HOLD,10000.0
2023-07-27,340.4800109863281,341.3299865722656,329.04998779296875,330.7200012207031,39635300,HOLD,10000.0
2023-07-28,333.6700134277344,340.010009765625,333.1700134277344,338.3699951171875,28484900,HOLD,10000.0
2023-07-31,336.9200134277344,337.70001220703125,333.3599853515625,335.9200134277344,25446000,HOLD,10000.0
2023-08-01,335.19000244140625,338.5400085449219,333.70001220703125,336.3399963378906,18311900,HOLD,10000.0
2023-08-02,333.6300048828125,333.6300048828125,326.3599853515625,327.5,27761300,HOLD,10000.0
2023-08-03,326.0,329.8800048828125,325.95001220703125,326.6600036621094,18253700,HOLD,10000.0
2023-08-04,331.8800048828125,335.1400146484375,327.239990234375,327.7799987792969,23727700,HOLD,10000.0
2023-08-07,328.3699951171875,331.1099853515625,327.5199890136719,330.1099853515625,17741500,HOLD,10000.0
2023-08-08,326.9599914550781,328.75,323.0,326.04998779296875,22327600,HOLD,10000.0
2023-08-09,326.4700012207031,327.1099853515625,321.04998779296875,322.2300109863281,22373300,HOLD,10000.0
2023-08-10,326.0199890136719,328.260009765625,321.17999267578125,322.92999267578125,20113700,HOLD,10000.0
2023-08-11,320.260009765625,322.4100036621094,319.2099914550781,321.010009765625,24342600,HOLD,10000.0
2023-08-14,321.3900146484375,324.05999755859375,320.0799865722656,324.0400085449219,18836100,HOLD,10000.0
2023-08-15,323.0,325.0899963378906,320.8999938964844,321.8599853515625,16966300,HOLD,10000.0
2023-08-16,320.79998779296875,324.4200134277344,319.79998779296875,320.3999938964844,20698900,HOLD,10000.0
2023-08-17,320.5400085449219,321.8699951171875,316.2099914550781,316.8800048828125,21257200,HOLD,10000.0
2023-08-18,314.489990234375,318.3800048828125,311.54998779296875,316.4800109863281,24744800,HOLD,10000.0
2023-08-21,317.92999267578125,322.7699890136719,317.0400085449219,321.8800048828125,24040000,HOLD,10000.0
2023-08-22,325.5,326.0799865722656,321.4599914550781,322.4599914550781,16102000,HOLD,10000.0
2023-08-23,323.82000732421875,329.20001220703125,323.4599914550781,327.0,21166400,HOLD,10000.0
2023-08-24,332.8500061035156,332.9800109863281,319.9599914550781,319.9700012207031,23281400,HOLD,10000.0
2023-08-25,321.4700012207031,325.3599853515625,318.79998779296875,322.9800109863281,21684100,HOLD,10000.0
2023-08-28,325.6600036621094,326.1499938964844,321.7200012207031,323.70001220703125,14808500,HOLD,10000.0
2023-08-29,321.8800048828125,328.9800109863281,321.8800048828125,328.4100036621094,19284600,HOLD,10000.0
2023-08-30,328.6700134277344,329.80999755859375,326.45001220703125,328.7900085449219,15222100,HOLD,10000.0
2023-08-31,329.20001220703125,330.9100036621094,326.7799987792969,327.760009765625,26411000,HOLD,10000.0
2023-09-01,331.30999755859375,331.989990234375,326.7799987792969,328.6600036621094,14931200,HOLD,10000.0
2023-09-05,329.0,334.8500061035156,328.6600036621094,333.54998779296875,18553900,HOLD,10000.0
2023-09-06,333.3800048828125,334.4599914550781,330.17999267578125,332.8800048828125,17535800,HOLD,10000.0
2023-09-07,331.2900085449219,333.0799865722656,329.0299987792969,329.9100036621094,18381000,HOLD,10000.0
2023-09-08,330.0899963378906,336.1600036621094,329.4599914550781,334.2699890136719,19530100,HOLD,10000.0
2023-09-11,337.239990234375,338.4200134277344,335.42999267578125,337.94000244140625,16583300,HOLD,10000.0
2023-09-12,335.82000732421875,336.7900085449219,331.4800109863281,331.7699890136719,17565500,HOLD,10000.0
2023-09-13,331.30999755859375,336.8500061035156,331.1700134277344,336.05999755859375,16544400,HOLD,10000.0
2023-09-14,339.1499938964844,340.8599853515625,336.57000732421875,338.70001220703125,20267000,HOLD,10000.0
2023-09-15,336.9200134277344,337.3999938964844,329.6499938964844,330.2200012207031,37666900,HOLD,10000.0
2023-09-18,327.79998779296875,330.3999938964844,326.3599853515625,329.05999755859375,16834200,HOLD,10000.0
2023-09-19,326.1700134277344,329.3900146484375,324.510009765625,328.6499938964844,16505900,HOLD,10000.0
2023-09-20,329.510009765625,329.5899963378906,320.510009765625,320.7699890136719,21436500,HOLD,10000.0
2023-09-21,319.260009765625,325.3500061035156,315.0,319.5299987792969,35529500,HOLD,10000.0
2023-09-22,321.32000732421875,321.45001220703125,316.1499938964844,317.010009765625,21447900,HOLD,10000.0
2023-09-25,316.5899963378906,317.6700134277344,315.0,317.5400085449219,17836000,HOLD,10000.0
2023-09-26,315.1300048828125,315.8800048828125,310.0199890136719,312.1400146484375,26297600,HOLD,10000.0
2023-09-27,312.29998779296875,314.29998779296875,309.69000244140625,312.7900085449219,19410100,HOLD,10000.0
2023-09-28,310.989990234375,315.4800109863281,309.45001220703125,313.6400146484375,19683600,HOLD,10000.0
2023-09-29,317.75,319.4700012207031,314.9800109863281,315.75,24140300,HOLD,10000.0
2023-10-02,316.2799987792969,321.8900146484375,315.17999267578125,321.79998779296875,20570000,HOLD,10000.0
2023-10-03,320.8299865722656,321.3900146484375,311.2099914550781,313.3900146484375,21033500,HOLD,10000.0
2023-10-04,314.0299987792969,320.0400085449219,314.0,318.9599914550781,20720100,HOLD,10000.0
2023-10-05,319.0899963378906,319.9800109863281,314.8999938964844,319.3599853515625,16965600,HOLD,10000.0
2023-10-06,316.54998779296875,329.19000244140625,316.29998779296875,327.260009765625,25645500,HOLD,10000.0
2023-10-09,324.75,330.29998779296875,323.17999267578125,329.82000732421875,19891200,HOLD,10000.0
2023-10-10,330.9599914550781,331.1000061035156,327.6700134277344,328.3900146484375,20557100,HOLD,10000.0
2023-10-11,331.2099914550781,332.82000732421875,329.1400146484375,332.4200134277344,20063200,HOLD,10000.0
2023-10-12,330.57000732421875,333.6300048828125,328.7200012207031,331.1600036621094,19313100,HOLD,10000.0
2023-10-13,332.3800048828125,333.8299865722656,326.3599853515625,327.7300109863281,21072400,HOLD,10000.0
2023-10-16,331.04998779296875,336.1400146484375,330.6000061035156,332.6400146484375,22158000,HOLD,10000.0
2023-10-17,329.5899963378906,333.4599914550781,327.4100036621094,332.05999755859375,18338500,HOLD,10000.0
2023-10-18,332.489990234375,335.5899963378906,328.29998779296875,330.1099853515625,23153600,HOLD,10000.0
2023-10-19,332.1499938964844,336.8800048828125,330.9100036621094,331.32000732421875,25052100,HOLD,10000.0
2023-10-20,331.7200012207031,331.9200134277344,325.45001220703125,326.6700134277344,25012600,HOLD,10000.0
2023-10-23,325.4700012207031,332.7300109863281,324.3900146484375,329.32000732421875,24374700,HOLD,10000.0
2023-10-24,331.29998779296875,331.8399963378906,327.6000061035156,330.5299987792969,31153600,HOLD,10000.0
2023-10-25,345.0199890136719,346.20001220703125,337.6199951171875,340.6700134277344,55053800,HOLD,10000.0
2023-10-26,340.5400085449219,341.6300048828125,326.94000244140625,327.8900146484375,37828500,HOLD,10000.0
2023-10-27,330.42999267578125,336.7200012207031,328.3999938964844,329.80999755859375,29856500,HOLD,10000.0
2023-10-30,333.4100036621094,339.45001220703125,331.8299865722656,337.30999755859375,22828100,HOLD,10000.0
2023-10-31,338.8500061035156,339.0,334.69000244140625,338.1099853515625,20265300,HOLD,10000.0
2023-11-01,339.7900085449219,347.4200134277344,339.6499938964844,346.07000732421875,28158800,HOLD,10000.0
2023-11-02,347.239990234375,348.8299865722656,344.7699890136719,348.32000732421875,24348100,HOLD,10000.0
2023-11-03,349.6300048828125,354.3900146484375,347.3299865722656,352.79998779296875,23624000,HOLD,10000.0
2023-11-06,353.45001220703125,357.5400085449219,353.3500061035156,356.5299987792969,23828300,HOLD,10000.0
2023-11-07,359.3999938964844,362.4599914550781,357.6300048828125,360.5299987792969,25833900,HOLD,10000.0
2023-11-08,361.67999267578125,363.8699951171875,360.54998779296875,363.20001220703125,26767800,HOLD,10000.0
2023-11-09,362.29998779296875,364.7900085449219,360.3599853515625,360.69000244140625,24847300,HOLD,10000.0
2023-11-10,361.489990234375,370.1000061035156,361.07000732421875,369.6700134277344,28042100,HOLD,10000.0
2023-11-13,368.2200012207031,368.4700012207031,365.8999938964844,366.67999267578125,19986500,HOLD,10000.0
2023-11-14,371.010009765625,371.95001220703125,367.3500061035156,370.2699890136719,27683900,HOLD,10000.0
2023-11-15,371.2799987792969,373.1300048828125,367.1099853515625,369.6700134277344,26860100,HOLD,10000.0
2023-11-16,370.9599914550781,376.3500061035156,370.17999267578125,376.1700134277344,27182300,HOLD,10000.0
2023-11-17,373.6099853515625,374.3699951171875,367.0,369.8500061035156,40157000,HOLD,10000.0
2023-11-20,371.2200012207031,378.8699951171875,371.0,377.44000244140625,52465100,HOLD,10000.0
2023-11-21,375.6700134277344,376.2200012207031,371.1199951171875,373.07000732421875,28423100,HOLD,10000.0
2023-11-22,378.0,379.7900085449219,374.9700012207031,377.8500061035156,23345300,HOLD,10000.0
2023-11-24,377.3299865722656,377.9700012207031,375.1400146484375,377.42999267578125,10176600,HOLD,10000.0
2023-11-27,376.7799987792969,380.6400146484375,376.20001220703125,378.6099853515625,22179200,HOLD,10000.0
2023-11-28,378.3500061035156,383.0,378.1600036621094,382.70001220703125,20453100,HOLD,10000.0
2023-11-29,383.760009765625,384.29998779296875,377.44000244140625,378.8500061035156,28963400,HOLD,10000.0
2023-11-30,378.489990234375,380.0899963378906,375.4700012207031,378.9100036621094,30554400,HOLD,10000.0
2023-12-01,376.760009765625,378.1600036621094,371.30999755859375,374.510009765625,33020400,HOLD,10000.0
2023-12-04,369.1000061035156,369.5199890136719,362.8999938964844,369.1400146484375,32063300,HOLD,10000.0
2023-12-05,366.45001220703125,373.0799865722656,365.6199951171875,372.5199890136719,23065000,HOLD,10000.0
2023-12-06,373.5400085449219,374.17999267578125,368.0299987792969,368.79998779296875,21182100,HOLD,10000.0
2023-12-07,368.2300109863281,371.45001220703125,366.32000732421875,370.95001220703125,23118900,HOLD,10000.0
2023-12-08,369.20001220703125,374.4599914550781,368.2300109863281,374.2300109863281,20144800,HOLD,10000.0
2023-12-11,368.4800109863281,371.6000061035156,366.1000061035156,371.29998779296875,27708800,HOLD,10000.0
2023-12-12,370.8500061035156,374.4200134277344,370.4599914550781,374.3800048828125,24838300,HOLD,10000.0
2023-12-13,376.0199890136719,377.6400146484375,370.7699890136719,374.3699951171875,30955500,HOLD,10000.0
2023-12-14,373.30999755859375,373.760009765625,364.1300048828125,365.92999267578125,43277500,HOLD,10000.0
2023-12-15,366.8500061035156,372.3999938964844,366.2799987792969,370.7300109863281,78478200,HOLD,10000.0
2023-12-18,369.45001220703125,373.0,368.67999267578125,372.6499938964844,21802900,HOLD,10000.0
2023-12-19,371.489990234375,373.260009765625,369.8399963378906,373.260009765625,20603700,HOLD,10000.0
2023-12-20,375.0,376.0299987792969,370.5299987792969,370.6199951171875,26316700,HOLD,10000.0
2023-12-21,372.55999755859375,374.4100036621094,370.0400085449219,373.5400085449219,17708000,HOLD,10000.0
2023-12-22,373.67999267578125,375.17999267578125,372.7099914550781,374.5799865722656,17091100,HOLD,10000.0
2023-12-26,375.0,376.94000244140625,373.5,374.6600036621094,12673100,HOLD,10000.0
2023-12-27,373.69000244140625,375.05999755859375,372.80999755859375,374.07000732421875,14905400,HOLD,10000.0
2023-12-28,375.3699951171875,376.4599914550781,374.1600036621094,375.2799987792969,14327000,HOLD,10000.0
2023-12-29,376.0,377.1600036621094,373.4800109863281,376.0400085449219,18723000,HOLD,10000.0
2024-01-02,373.8599853515625,375.8999938964844,366.7699890136719,370.8699951171875,25258600,HOLD,10000.0
2024-01-03,369.010009765625,373.260009765625,368.510009765625,370.6000061035156,23083500,HOLD,10000.0
2024-01-04,370.6700134277344,373.1000061035156,367.1700134277344,367.94000244140625,20901500,HOLD,10000.0
2024-01-05,368.9700012207031,372.05999755859375,366.5,367.75,20987000,HOLD,10000.0
2024-01-08,369.29998779296875,375.20001220703125,369.010009765625,374.69000244140625,23134000,HOLD,10000.0
2024-01-09,372.010009765625,375.989990234375,371.19000244140625,375.7900085449219,20830000,HOLD,10000.0
2024-01-10,376.3699951171875,384.1700134277344,376.32000732421875,382.7699890136719,25514200,HOLD,10000.0
2024-01-11,386.0,390.67999267578125,380.3800048828125,384.6300048828125,27850800,HOLD,10000.0
2024-01-12,385.489990234375,388.67999267578125,384.6499938964844,388.4700012207031,21645700,HOLD,10000.0
2024-01-16,393.6600036621094,394.0299987792969,387.6199951171875,390.2699890136719,27202300,HOLD,10000.0
2024-01-17,387.9800109863281,390.1099853515625,384.80999755859375,389.4700012207031,22234100,HOLD,10000.0
2024-01-18,391.7200012207031,393.989990234375,390.1199951171875,393.8699951171875,23392100,HOLD,10000.0
2024-01-19,395.760009765625,398.6700134277344,393.5,398.6700134277344,29272000,HOLD,10000.0
2024-01-22,400.0199890136719,400.6199951171875,393.5899963378906,396.510009765625,27016900,HOLD,10000.0
2024-01-23,395.75,399.3800048828125,393.92999267578125,398.8999938964844,20525900,HOLD,10000.0
2024-01-24,401.5400085449219,405.6300048828125,400.45001220703125,402.55999755859375,24867000,HOLD,10000.0
2024-01-25,404.32000732421875,407.010009765625,402.5299987792969,404.8699951171875,21021200,HOLD,10000.0
2024-01-26,404.3699951171875,406.1700134277344,402.42999267578125,403.92999267578125,17803300,HOLD,10000.0
2024-01-29,406.05999755859375,409.9800109863281,404.3299865722656,409.7200012207031,24510200,HOLD,10000.0
2024-01-30,412.260009765625,413.04998779296875,406.45001220703125,408.5899963378906,33477600,HOLD,10000.0
2024-01-31,406.9599914550781,415.32000732421875,397.2099914550781,397.5799865722656,47871100,HOLD,10000.0
2024-02-01,401.8299865722656,408.0,401.79998779296875,403.7799987792969,30657700,HOLD,10000.0
2024-02-02,403.80999755859375,412.6499938964844,403.55999755859375,411.2200012207031,28245000,HOLD,10000.0
2024-02-05,409.8999938964844,411.1600036621094,403.989990234375,405.6499938964844,25352300,HOLD,10000.0
2024-02-06,405.8800048828125,407.9700012207031,402.9100036621094,405.489990234375,18382600,HOLD,10000.0
2024-02-07,407.44000244140625,414.29998779296875,407.3999938964844,414.04998779296875,22340500,HOLD,10000.0
2024-02-08,414.04998779296875,415.55999755859375,412.5299987792969,414.1099853515625,21225300,HOLD,10000.0
2024-02-09,415.25,420.82000732421875,415.0899963378906,420.54998779296875,22032800,HOLD,10000.0
2024-02-12,420.55999755859375,420.739990234375,414.75,415.260009765625,21202900,HOLD,10000.0
2024-02-13,404.94000244140625,410.07000732421875,403.3900146484375,406.32000732421875,27824900,HOLD,10000.0
2024-02-14,408.07000732421875,409.8399963378906,404.57000732421875,409.489990234375,20401200,HOLD,10000.0
2024-02-15,408.1400146484375,409.1300048828125,404.2900085449219,406.55999755859375,21825500,HOLD,10000.0
2024-02-16,407.9599914550781,408.2900085449219,403.44000244140625,404.05999755859375,22281100,HOLD,10000.0
2024-02-20,403.239990234375,404.489990234375,398.010009765625,402.7900085449219,24307900,HOLD,10000.0
2024-02-21,400.1700134277344,402.2900085449219,397.2200012207031,402.17999267578125,18631100,HOLD,10000.0
2024-02-22,410.19000244140625,412.8299865722656,408.57000732421875,411.6499938964844,27009900,HOLD,10000.0
2024-02-23,415.6700134277344,415.8599853515625,408.9700012207031,410.3399963378906,16295900,HOLD,10000.0
2024-02-26,411.4599914550781,412.1600036621094,407.3599853515625,407.5400085449219,16193500,HOLD,10000.0
2024-02-27,407.989990234375,408.32000732421875,403.8500061035156,407.4800109863281,14835800,HOLD,10000.0
2024-02-28,408.17999267578125,409.29998779296875,405.32000732421875,407.7200012207031,13183100,HOLD,10000.0
2024-02-29,408.6400146484375,414.20001220703125,405.9200134277344,413.6400146484375,31947300,HOLD,10000.0
2024-03-01,411.2699890136719,415.8699951171875,410.8800048828125,415.5,17800300,HOLD,10000.0
2024-03-04,413.44000244140625,417.3500061035156,412.32000732421875,414.9200134277344,17596000,HOLD,10000.0
2024-03-05,413.9599914550781,414.25,400.6400146484375,402.6499938964844,26919200,HOLD,10000.0
2024-03-06,402.9700012207031,405.1600036621094,398.3900146484375,402.0899963378906,22344100,HOLD,10000.0
2024-03-07,406.1199951171875,409.7799987792969,402.239990234375,409.1400146484375,18718500,HOLD,10000.0
2024-03-08,407.9599914550781,410.4200134277344,404.3299865722656,406.2200012207031,17971700,HOLD,10000.0
2024-03-11,403.760009765625,405.67999267578125,401.260009765625,404.5199890136719,16120800,HOLD,10000.0
2024-03-12,407.6199951171875,415.57000732421875,406.7900085449219,415.2799987792969,22457000,HOLD,10000.0
2024-03-13,418.1000061035156,418.17999267578125,411.45001220703125,415.1000061035156,17115900,HOLD,10000.0
2024-03-14,420.239990234375,427.82000732421875,417.989990234375,425.2200012207031,34157300,HOLD,10000.0
2024-03-15,419.2900085449219,422.6000061035156,412.7900085449219,416.4200134277344,45049800,HOLD,10000.0
2024-03-18,414.25,420.7300109863281,413.7799987792969,417.32000732421875,20106000,HOLD,10000.0
2024-03-19,417.8299865722656,421.6700134277344,415.54998779296875,421.4100036621094,19837900,HOLD,10000.0
2024-03-20,422.0,425.9599914550781,420.6600036621094,425.2300109863281,17860100,HOLD,10000.0
2024-03-21,429.8299865722656,430.82000732421875,427.1600036621094,429.3699951171875,21296200,HOLD,10000.0
2024-03-22,429.70001220703125,429.8599853515625,426.07000732421875,428.739990234375,17636500,HOLD,10000.0
2024-03-25,425.239990234375,427.4100036621094,421.6099853515625,422.8599853515625,18060500,HOLD,10000.0
2024-03-26,425.6099853515625,425.989990234375,421.3500061035156,421.6499938964844,16725600,HOLD,10000.0
2024-03-27,424.44000244140625,424.45001220703125,419.010009765625,421.42999267578125,16705000,HOLD,10000.0
2024-03-28,420.9599914550781,421.8699951171875,419.1199951171875,420.7200012207031,21871200,HOLD,10000.0
2024-04-01,423.95001220703125,427.8900146484375,422.2200012207031,424.57000732421875,16316000,HOLD,10000.0
2024-04-02,420.1099853515625,422.3800048828125,417.8399963378906,421.44000244140625,17912000,HOLD,10000.0
2024-04-03,419.7300109863281,423.260009765625,419.0899963378906,420.45001220703125,16502300,HOLD,10000.0
2024-04-04,424.989990234375,428.6700134277344,417.57000732421875,417.8800048828125,19370900,HOLD,10000.0
2024-04-05,420.010009765625,426.510009765625,418.32000732421875,425.5199890136719,16544300,HOLD,10000.0
2024-04-08,425.1700134277344,427.2799987792969,423.29998779296875,424.5899963378906,14272400,HOLD,10000.0
2024-04-09,426.44000244140625,427.739990234375,421.6199951171875,426.2799987792969,12512300,HOLD,10000.0
2024-04-10,422.19000244140625,424.0299987792969,419.70001220703125,423.260009765625,16216600,HOLD,10000.0
2024-04-11,425.82000732421875,429.3699951171875,422.3599853515625,427.92999267578125,17966400,HOLD,10000.0
2024-04-12,424.04998779296875,425.17999267578125,419.7699890136719,421.8999938964844,19232100,HOLD,10000.0
2024-04-15,426.6000061035156,426.82000732421875,413.42999267578125,413.6400146484375,20273500,HOLD,10000.0
2024-04-16,414.57000732421875,418.3999938964844,413.7300109863281,414.5799865722656,16765600,HOLD,10000.0
2024-04-17,417.25,418.8800048828125,410.3299865722656,411.8399963378906,15855500,HOLD,10000.0
2024-04-18,410.6300048828125,411.8900146484375,403.95001220703125,404.2699890136719,21029900,HOLD,10000.0
2024-04-19,404.0299987792969,405.4800109863281,397.7699890136719,399.1199951171875,30276500,HOLD,10000.0
2024-04-22,400.0799865722656,402.8500061035156,395.75,400.9599914550781,20286900,HOLD,10000.0
2024-04-23,404.239990234375,408.20001220703125,403.05999755859375,407.57000732421875,15734500,HOLD,10000.0
2024-04-24,409.55999755859375,412.4700012207031,406.7799987792969,409.05999755859375,15065300,HOLD,10000.0
2024-04-25,394.0299987792969,399.8900146484375,388.0299987792969,399.0400085449219,40586500,HOLD,10000.0
2024-04-26,412.1700134277344,413.0,405.760009765625,406.32000732421875,29694700,HOLD,10000.0
2024-04-29,405.25,406.32000732421875,399.19000244140625,402.25,19582100,HOLD,10000.0
2024-04-30,401.489990234375,402.1600036621094,389.1700134277344,389.3299865722656,28781400,HOLD,10000.0
2024-05-01,392.6099853515625,401.7200012207031,390.30999755859375,394.94000244140625,23562500,HOLD,10000.0
2024-05-02,397.6600036621094,399.92999267578125,394.6499938964844,397.8399963378906,17709400,HOLD,10000.0
2024-05-03,402.2799987792969,407.1499938964844,401.8599853515625,406.6600036621094,17446700,HOLD,10000.0
2024-05-06,408.760009765625,413.92999267578125,406.3699951171875,413.5400085449219,16996600,HOLD,10000.0
2024-05-07,414.6600036621094,414.6700134277344,409.0899963378906,409.3399963378906,20018200,HOLD,10000.0
2024-05-08,408.1700134277344,412.2300109863281,406.7099914550781,410.5400085449219,11792300,HOLD,10000.0
2024-05-09,410.57000732421875,412.7200012207031,409.1000061035156,412.32000732421875,14689700,HOLD,10000.0
2024-05-10,412.94000244140625,415.3800048828125,411.79998779296875,414.739990234375,13402300,HOLD,10000.0
2024-05-13,418.010009765625,418.3500061035156,410.82000732421875,413.7200012207031,15440200,HOLD,10000.0
2024-05-14,412.0199890136719,417.489990234375,411.54998779296875,416.55999755859375,15109300,HOLD,10000.0
2024-05-15,417.8999938964844,423.80999755859375,417.2699890136719,423.0799865722656,22239500,HOLD,10000.0
2024-05-16,421.79998779296875,425.4200134277344,420.3500061035156,420.989990234375,17530100,HOLD,10000.0
2024-05-17,422.5400085449219,422.9200134277344,418.0299987792969,420.2099914550781,15352200,HOLD,10000.0
2024-05-20,420.2099914550781,426.7699890136719,419.989990234375,425.3399963378906,16272100,HOLD,10000.0
2024-05-21,426.8299865722656,432.9700012207031,424.8500061035156,429.0400085449219,21453300,HOLD,10000.0
2024-05-22,430.0899963378906,432.4100036621094,427.1300048828125,430.5199890136719,18073700,HOLD,10000.0
2024-05-23,432.9700012207031,433.6000061035156,425.4200134277344,427.0,17211700,HOLD,10000.0
2024-05-24,427.19000244140625,431.05999755859375,424.4100036621094,430.1600036621094,11845800,HOLD,10000.0
2024-05-28,429.6300048828125,430.82000732421875,426.6000061035156,430.32000732421875,15718000,HOLD,10000.0
2024-05-29,425.69000244140625,430.94000244140625,425.69000244140625,429.1700134277344,15517100,HOLD,10000.0
2024-05-30,424.29998779296875,424.29998779296875,414.239990234375,414.6700134277344,28424800,HOLD,10000.0
2024-05-31,416.75,416.75,404.510009765625,415.1300048828125,47995300,HOLD,10000.0
2024-06-03,415.5299987792969,416.42999267578125,408.9200134277344,413.5199890136719,17484700,HOLD,10000.0
2024-06-04,412.42999267578125,416.44000244140625,409.67999267578125,416.07000732421875,14348900,HOLD,10000.0
2024-06-05,417.80999755859375,424.0799865722656,416.29998779296875,424.010009765625,16988000,HOLD,10000.0
2024-06-06,424.010009765625,425.30999755859375,420.5799865722656,424.5199890136719,14861300,HOLD,10000.0
2024-06-07,426.20001220703125,426.2799987792969,423.0,423.8500061035156,13621700,HOLD,10000.0
2024-06-10,424.70001220703125,428.0799865722656,423.8900146484375,427.8699951171875,14003000,HOLD,10000.0
2024-06-11,425.4800109863281,432.82000732421875,425.25,432.67999267578125,14551100,HOLD,10000.0
2024-06-12,435.32000732421875,443.3999938964844,433.25,441.05999755859375,22366200,HOLD,10000.0
2024-06-13,440.8500061035156,443.3900146484375,439.3699951171875,441.5799865722656,15960600,HOLD,10000.0
2024-06-14,438.2799987792969,443.1400146484375,436.7200012207031,442.57000732421875,13582000,HOLD,10000.0
2024-06-17,442.5899963378906,450.94000244140625,440.7200012207031,448.3699951171875,20790000,HOLD,10000.0
2024-06-18,449.7099914550781,450.1400146484375,444.8900146484375,446.3399963378906,17112500,HOLD,10000.0
2024-06-20,446.29998779296875,446.5299987792969,441.2699890136719,445.70001220703125,19877400,HOLD,10000.0
2024-06-21,447.3800048828125,450.5799865722656,446.510009765625,449.7799987792969,34486200,HOLD,10000.0
2024-06-24,449.79998779296875,452.75,446.4100036621094,447.6700134277344,15913700,HOLD,10000.0
2024-06-25,448.25,451.4200134277344,446.75,450.95001220703125,16747500,HOLD,10000.0
2024-06-26,449.0,453.6000061035156,448.19000244140625,452.1600036621094,16507000,HOLD,10000.0
2024-06-27,452.17999267578125,456.1700134277344,451.7699890136719,452.8500061035156,14806300,HOLD,10000.0
2024-06-28,453.07000732421875,455.3800048828125,446.4100036621094,446.95001220703125,28362300,HOLD,10000.0
2024-07-01,448.6600036621094,457.3699951171875,445.6600036621094,456.7300109863281,17662800,HOLD,10000.0
2024-07-02,453.20001220703125,459.5899963378906,453.1099853515625,459.2799987792969,13979800,HOLD,10000.0
2024-07-03,458.19000244140625,461.0199890136719,457.8800048828125,460.7699890136719,9932800,HOLD,10000.0
2024-07-05,459.6099853515625,468.3500061035156,458.9700012207031,467.55999755859375,16000300,HOLD,10000.0
2024-07-08,466.54998779296875,467.70001220703125,464.4599914550781,466.239990234375,12962300,HOLD,10000.0
2024-07-09,467.0,467.3299865722656,458.0,459.5400085449219,17207200,HOLD,10000.0
2024-07-10,461.2200012207031,466.4599914550781,458.8599853515625,466.25,18196100,HOLD,10000.0
2024-07-11,462.9800109863281,464.7799987792969,451.54998779296875,454.70001220703125,23111200,HOLD,10000.0
2024-07-12,454.3299865722656,456.3599853515625,450.6499938964844,453.54998779296875,16324300,HOLD,10000.0
2024-07-15,453.29998779296875,457.260009765625,451.42999267578125,453.9599914550781,14429400,HOLD,10000.0
2024-07-16,454.2200012207031,454.29998779296875,446.6600036621094,449.5199890136719,17175700,HOLD,10000.0
2024-07-17,442.5899963378906,444.8500061035156,439.17999267578125,443.5199890136719,21778000,HOLD,10000.0
2024-07-18,444.3399963378906,444.6499938964844,434.3999938964844,440.3699951171875,20794800,HOLD,10000.0
2024-07-19,433.1000061035156,441.1400146484375,432.0,437.1099853515625,20940400,HOLD,10000.0
2024-07-22,441.7900085449219,444.6000061035156,438.9100036621094,442.94000244140625,15808800,HOLD,10000.0
2024-07-23,443.8999938964844,448.3900146484375,443.1000061035156,444.8500061035156,13107100,HOLD,10000.0
2024-07-24,440.45001220703125,441.4800109863281,427.5899963378906,428.8999938964844,26805800,HOLD,10000.0
2024-07-25,428.79998779296875,429.79998779296875,417.510009765625,418.3999938964844,29943800,HOLD,10000.0
2024-07-26,418.20001220703125,428.9200134277344,417.2699890136719,425.2699890136719,23583800,HOLD,10000.0
2024-07-29,431.5799865722656,432.1499938964844,424.70001220703125,426.7300109863281,15125800,HOLD,10000.0
2024-07-30,427.7200012207031,429.04998779296875,417.3599853515625,422.9200134277344,32687600,HOLD,10000.0
2024-07-31,420.5,421.7799987792969,412.2099914550781,418.3500061035156,42891400,HOLD,10000.0
2024-08-01,420.7900085449219,427.4599914550781,413.0899963378906,417.1099853515625,30296400,HOLD,10000.0
2024-08-02,412.489990234375,415.0,404.3399963378906,408.489990234375,29437900,HOLD,10000.0
2024-08-05,389.1700134277344,401.0400085449219,385.5799865722656,395.1499938964844,40709200,HOLD,10000.0
2024-08-06,400.0,405.6700134277344,398.5,399.6099853515625,24946500,HOLD,10000.0
2024-08-07,408.6400146484375,410.0799865722656,397.4700012207031,398.42999267578125,20650900,HOLD,10000.0
2024-08-08,402.44000244140625,405.8599853515625,399.94000244140625,402.69000244140625,20203000,HOLD,10000.0
2024-08-09,404.0299987792969,408.04998779296875,402.260009765625,406.0199890136719,19276700,HOLD,10000.0
2024-08-12,407.05999755859375,408.760009765625,404.239990234375,406.80999755859375,16762900,HOLD,10000.0
2024-08-13,409.5899963378906,414.95001220703125,409.57000732421875,414.010009765625,19414300,HOLD,10000.0
2024-08-14,414.79998779296875,417.7200012207031,412.45001220703125,416.8599853515625,18267000,HOLD,10000.0
2024-08-15,419.79998779296875,421.1099853515625,417.6600036621094,421.0299987792969,20752100,HOLD,10000.0
2024-08-16,420.6000061035156,421.3399963378906,417.29998779296875,418.4700012207031,22775600,HOLD,10000.0
2024-08-19,418.9599914550781,421.75,416.4599914550781,421.5299987792969,15234000,HOLD,10000.0
2024-08-20,421.70001220703125,425.8599853515625,421.6400146484375,424.79998779296875,16387600,HOLD,10000.0
2024-08-21,424.0799865722656,426.3999938964844,421.7200012207031,424.1400146484375,16067300,HOLD,10000.0
2024-08-22,424.3599853515625,426.7900085449219,414.6099853515625,415.54998779296875,19361900,HOLD,10000.0
2024-08-23,416.9800109863281,419.260009765625,412.0899963378906,416.7900085449219,18493800,HOLD,10000.0
2024-08-26,416.3699951171875,417.2799987792969,411.3399963378906,413.489990234375,13152800,HOLD,10000.0
2024-08-27,412.8599853515625,414.3599853515625,410.25,413.8399963378906,13492900,HOLD,10000.0
2024-08-28,414.8800048828125,415.0,407.30999755859375,410.6000061035156,14882700,HOLD,10000.0
2024-08-29,414.94000244140625,422.04998779296875,410.6000061035156,413.1199951171875,17045200,HOLD,10000.0
2024-08-30,415.6000061035156,417.489990234375,412.1300048828125,417.1400146484375,24308300,HOLD,10000.0
2024-09-03,417.9100036621094,419.8800048828125,407.0299987792969,409.44000244140625,20313600,HOLD,10000.0
2024-09-04,405.9100036621094,411.239990234375,404.3699951171875,408.8999938964844,15135800,HOLD,10000.0
2024-09-05,407.6199951171875,413.1000061035156,406.1300048828125,408.3900146484375,14195500,HOLD,10000.0
2024-09-06,409.05999755859375,410.6499938964844,400.79998779296875,401.70001220703125,19609500,HOLD,10000.0
2024-09-09,407.239990234375,408.6499938964844,402.1499938964844,405.7200012207031,15295100,HOLD,10000.0
2024-09-10,408.20001220703125,416.3299865722656,407.70001220703125,414.20001220703125,19594300,HOLD,10000.0
2024-09-11,415.5,423.989990234375,409.5799865722656,423.0400085449219,19266900,HOLD,10000.0
2024-09-12,423.30999755859375,427.3699951171875,419.75,427.0,17418800,HOLD,10000.0
2024-09-13,425.8299865722656,431.8299865722656,425.4599914550781,430.5899963378906,15874600,HOLD,10000.0
2024-09-16,430.6000061035156,433.5299987792969,428.2200012207031,431.3399963378906,13834700,HOLD,10000.0
2024-09-17,440.2300109863281,441.8500061035156,432.2699890136719,435.1499938964844,18874200,HOLD,10000.0
2024-09-18,435.0,436.0299987792969,430.4100036621094,430.80999755859375,18898000,HOLD,10000.0
2024-09-19,441.2300109863281,441.5,436.8999938964844,438.69000244140625,21706600,HOLD,10000.0
2024-09-20,437.2200012207031,439.239990234375,434.2200012207031,435.2699890136719,55167100,HOLD,10000.0
2024-09-23,434.2799987792969,436.4599914550781,430.3900146484375,433.510009765625,15128900,HOLD,10000.0
2024-09-24,433.0,433.3500061035156,426.1000061035156,429.1700134277344,17015800,HOLD,10000.0
2024-09-25,429.8299865722656,433.1199951171875,428.57000732421875,432.1099853515625,13396400,HOLD,10000.0
2024-09-26,435.0899963378906,435.29998779296875,429.1300048828125,431.30999755859375,14492000,HOLD,10000.0
2024-09-27,431.5199890136719,431.8500061035156,427.4700012207031,428.0199890136719,14896100,HOLD,10000.0
2024-09-30,428.2099914550781,430.4200134277344,425.3699951171875,430.29998779296875,16807300,HOLD,10000.0
2024-10-01,428.45001220703125,428.4800109863281,418.80999755859375,420.69000244140625,19092900,HOLD,10000.0
2024-10-02,422.5799865722656,422.82000732421875,416.7099914550781,417.1300048828125,16582300,HOLD,10000.0
2024-10-03,417.6300048828125,419.54998779296875,414.2900085449219,416.5400085449219,13686400,HOLD,10000.0
2024-10-04,418.239990234375,419.75,414.9700012207031,416.05999755859375,19169700,HOLD,10000.0
2024-10-07,416.0,417.1099853515625,409.0,409.5400085449219,20919800,HOLD,10000.0
2024-10-08,410.8999938964844,415.6600036621094,408.1700134277344,414.7099914550781,19229300,HOLD,10000.0
2024-10-09,415.8599853515625,420.3800048828125,414.29998779296875,417.4599914550781,14974300,HOLD,10000.0
2024-10-10,415.2300109863281,417.3500061035156,413.1499938964844,415.8399963378906,13848400,HOLD,10000.0
2024-10-11,416.1400146484375,417.1300048828125,413.25,416.32000732421875,14144900,HOLD,10000.0
2024-10-14,417.7699890136719,424.0400085449219,417.5199890136719,419.1400146484375,16653100,HOLD,10000.0
2024-10-15,422.17999267578125,422.4800109863281,415.260009765625,418.739990234375,18900200,HOLD,10000.0
2024-10-16,415.1700134277344,416.3599853515625,410.4800109863281,416.1199951171875,15508900,HOLD,10000.0
2024-10-17,422.3599853515625,422.5,415.5899963378906,416.7200012207031,14820000,HOLD,10000.0
2024-10-18,417.1400146484375,419.6499938964844,416.260009765625,418.1600036621094,17145300,HOLD,10000.0
2024-10-21,416.1199951171875,418.9599914550781,413.75,418.7799987792969,14206100,HOLD,10000.0
2024-10-22,418.489990234375,430.5799865722656,418.0400085449219,427.510009765625,25482200,HOLD,10000.0
2024-10-23,430.8599853515625,431.0799865722656,422.5299987792969,424.6000061035156,19654400,HOLD,10000.0
2024-10-24,425.3299865722656,425.9800109863281,422.3999938964844,424.7300109863281,13581600,HOLD,10000.0
2024-10-25,426.760009765625,432.5199890136719,426.57000732421875,428.1499938964844,16899100,HOLD,10000.0
2024-10-28,431.6600036621094,431.94000244140625,426.29998779296875,426.5899963378906,14882400,HOLD,10000.0
2024-10-29,428.0,433.1700134277344,425.79998779296875,431.95001220703125,17644100,HOLD,10000.0
2024-10-30,437.44000244140625,438.5,432.1000061035156,432.5299987792969,29749100,HOLD,10000.0
2024-10-31,415.3599853515625,416.1600036621094,406.29998779296875,406.3500061035156,53971000,HOLD,10000.0
2024-11-01,409.010009765625,415.5,407.5,410.3699951171875,24230400,HOLD,10000.0
2024-11-04,409.79998779296875,410.4200134277344,405.57000732421875,408.4599914550781,19672300,HOLD,10000.0
2024-11-05,408.3699951171875,414.8999938964844,408.0799865722656,411.4599914550781,17626000,HOLD,10000.0
2024-11-06,412.4200134277344,420.45001220703125,410.5199890136719,420.17999267578125,26681800,HOLD,10000.0
2024-11-07,421.2799987792969,426.8500061035156,419.8800048828125,425.42999267578125,19901800,HOLD,10000.0
2024-11-08,425.32000732421875,426.5,421.7799987792969,422.5400085449219,16891400,HOLD,10000.0
2024-11-11,422.5199890136719,424.80999755859375,416.0,418.010009765625,24503300,HOLD,10000.0
2024-11-12,418.25,424.44000244140625,417.20001220703125,423.0299987792969,19401200,HOLD,10000.0
2024-11-13,421.6400146484375,429.3299865722656,418.2099914550781,425.20001220703125,21502200,HOLD,10000.0
2024-11-14,425.0,428.1700134277344,420.0,426.8900146484375,30246900,HOLD,10000.0
2024-11-15,419.82000732421875,422.79998779296875,413.6400146484375,415.0,28247600,HOLD,10000.0
2024-11-18,414.8699951171875,418.3999938964844,412.1000061035156,415.760009765625,24742000,HOLD,10000.0
2024-11-19,413.1099853515625,417.94000244140625,411.54998779296875,417.7900085449219,18133500,HOLD,10000.0
2024-11-20,416.8699951171875,417.2900085449219,410.5799865722656,415.489990234375,19191700,HOLD,10000.0
2024-11-21,419.5,419.7799987792969,410.2900085449219,412.8699951171875,20780200,HOLD,10000.0
2024-11-22,411.3699951171875,417.3999938964844,411.05999755859375,417.0,24814600,HOLD,10000.0
2024-11-25,418.3800048828125,421.0799865722656,414.8500061035156,418.7900085449219,27691100,HOLD,10000.0
2024-11-26,419.5899963378906,429.0400085449219,418.8500061035156,427.989990234375,23458900,HOLD,10000.0
2024-11-27,425.1099853515625,427.2300109863281,422.0199890136719,422.989990234375,18332400,HOLD,10000.0
2024-11-29,420.0899963378906,424.8800048828125,417.79998779296875,423.4599914550781,16271900,HOLD,10000.0
2024-12-02,421.57000732421875,433.0,421.30999755859375,430.9800109863281,20207200,HOLD,10000.0
2024-12-03,429.8399963378906,432.4700012207031,427.739990234375,431.20001220703125,18302000,HOLD,10000.0
2024-12-04,433.0299987792969,439.6700134277344,432.6300048828125,437.4200134277344,26009400,HOLD,10000.0
2024-12-05,437.9200134277344,444.6600036621094,436.1700134277344,442.6199951171875,21697800,HOLD,10000.0
2024-12-06,442.29998779296875,446.1000061035156,441.7699890136719,443.57000732421875,18821000,HOLD,10000.0
2024-12-09,442.6000061035156,448.3299865722656,440.5,446.0199890136719,19144400,HOLD,10000.0
2024-12-10,444.3900146484375,449.6199951171875,441.6000061035156,443.3299865722656,18469500,HOLD,10000.0
2024-12-11,444.04998779296875,450.3500061035156,444.04998779296875,448.989990234375,19200200,HOLD,10000.0
2024-12-12,449.1099853515625,456.1600036621094,449.1099853515625,449.55999755859375,20834800,HOLD,10000.0
2024-12-13,448.44000244140625,451.42999267578125,445.5799865722656,447.2699890136719,20177800,HOLD,10000.0
2024-12-16,447.2699890136719,452.17999267578125,445.2799987792969,451.5899963378906,23598800,HOLD,10000.0
2024-12-17,451.010009765625,455.2900085449219,449.57000732421875,454.4599914550781,22733500,HOLD,10000.0
2024-12-18,451.32000732421875,452.6499938964844,437.0199890136719,437.3900146484375,24444500,HOLD,10000.0
2024-12-19,441.6199951171875,443.17999267578125,436.32000732421875,437.0299987792969,22963700,HOLD,10000.0
2024-12-20,433.1099853515625,443.739990234375,428.6300048828125,436.6000061035156,64263700,HOLD,10000.0
2024-12-23,436.739990234375,437.6499938964844,432.8299865722656,435.25,19152500,HOLD,10000.0
2024-12-24,434.6499938964844,439.6000061035156,434.19000244140625,439.3299865722656,7164500,HOLD,10000.0
2024-12-26,439.0799865722656,440.94000244140625,436.6300048828125,438.1099853515625,8194200,HOLD,10000.0
2024-12-27,434.6000061035156,435.2200012207031,426.3500061035156,430.5299987792969,18117700,HOLD,10000.0
2024-12-30,426.05999755859375,427.54998779296875,421.8999938964844,424.8299865722656,13158700,HOLD,10000.0
2024-12-31,426.1000061035156,426.7300109863281,420.6600036621094,421.5,13246500,HOLD,10000.0
2025-01-02,425.5299987792969,426.07000732421875,414.8500061035156,418.5799865722656,16896500,HOLD,10000.0
2025-01-03,421.0799865722656,424.0299987792969,419.5400085449219,423.3500061035156,16662900,HOLD,10000.0
2025-01-06,428.0,434.32000732421875,425.4800109863281,427.8500061035156,20573600,HOLD,10000.0
2025-01-07,429.0,430.6499938964844,420.79998779296875,422.3699951171875,18139100,HOLD,10000.0
2025-01-08,423.4599914550781,426.9700012207031,421.5400085449219,424.55999755859375,15054600,HOLD,10000.0
2025-01-10,424.6300048828125,424.7099914550781,415.0199890136719,418.95001220703125,20201100,HOLD,10000.0
2025-01-13,415.239990234375,418.5,412.2900085449219,417.19000244140625,17604800,HOLD,10000.0
2025-01-14,417.80999755859375,419.739990234375,410.7200012207031,415.6700134277344,16935900,HOLD,10000.0
2025-01-15,419.1300048828125,428.1499938964844,418.2699890136719,426.30999755859375,19637800,HOLD,10000.0
2025-01-16,428.70001220703125,429.489990234375,424.3900146484375,424.5799865722656,15300000,HOLD,10000.0
2025-01-17,434.0899963378906,434.4800109863281,428.1700134277344,429.0299987792969,26197500,HOLD,10000.0
2025-01-21,430.20001220703125,430.8999938964844,425.6000061035156,428.5,26085700,HOLD,10000.0
2025-01-22,437.55999755859375,447.2699890136719,436.0,446.20001220703125,27803800,HOLD,10000.0
2025-01-23,442.0,446.75,441.5,446.7099914550781,18389300,HOLD,10000.0
2025-01-24,445.1600036621094,446.6499938964844,441.3999938964844,444.05999755859375,15549500,HOLD,10000.0
2025-01-27,424.010009765625,435.20001220703125,423.5,434.55999755859375,35647800,HOLD,10000.0
2025-01-28,434.6000061035156,448.3800048828125,431.3800048828125,447.20001220703125,23491700,HOLD,10000.0
2025-01-29,446.69000244140625,446.8800048828125,440.3999938964844,442.3299865722656,23581400,HOLD,10000.0
2025-01-30,418.7699890136719,422.8599853515625,413.1600036621094,414.989990234375,54586300,HOLD,10000.0
2025-01-31,418.9800109863281,420.69000244140625,414.9100036621094,415.05999755859375,34223400,HOLD,10000.0
2025-02-03,411.6000061035156,415.4100036621094,408.6600036621094,410.9200134277344,25679100,HOLD,10000.0
2025-02-04,412.69000244140625,413.9200134277344,409.739990234375,412.3699951171875,20532100,HOLD,10000.0
2025-02-05,412.3500061035156,413.8299865722656,410.3999938964844,413.2900085449219,16316700,HOLD,10000.0
2025-02-06,414.0,418.20001220703125,414.0,415.82000732421875,16309800,HOLD,10000.0
2025-02-07,416.4800109863281,418.6499938964844,408.1000061035156,409.75,22886800,HOLD,10000.0
2025-02-10,413.7099914550781,415.4599914550781,410.9200134277344,412.2200012207031,20817900,HOLD,10000.0
2025-02-11,409.6400146484375,412.489990234375,409.29998779296875,411.44000244140625,18140600,HOLD,10000.0
2025-02-12,407.2099914550781,410.75,404.3699951171875,409.0400085449219,19121700,HOLD,10000.0
2025-02-13,407.0,411.0,406.3599853515625,410.5400085449219,23891700,HOLD,10000.0
2025-02-14,407.7900085449219,408.9100036621094,405.8800048828125,408.42999267578125,22758500,HOLD,10000.0
2025-02-18,408.0,410.6000061035156,406.5,409.6400146484375,21423100,HOLD,10000.0
2025-02-19,407.8800048828125,415.489990234375,407.6499938964844,414.7699890136719,24114200,HOLD,10000.0
2025-02-20,415.2900085449219,419.30999755859375,412.5400085449219,416.1300048828125,23508700,HOLD,10000.0
2025-02-21,417.3399963378906,418.04998779296875,407.8900146484375,408.2099914550781,27524800,HOLD,10000.0
2025-02-24,408.510009765625,409.3699951171875,399.32000732421875,404.0,26443700,HOLD,10000.0
2025-02-25,401.1000061035156,401.9200134277344,396.70001220703125,397.8999938964844,29387400,HOLD,10000.0
2025-02-26,398.010009765625,403.6000061035156,394.25,399.7300109863281,19619000,HOLD,10000.0
2025-02-27,401.2699890136719,405.739990234375,392.1700134277344,392.5299987792969,21127400,HOLD,10000.0
2025-02-28,392.6600036621094,397.6300048828125,386.57000732421875,396.989990234375,32845700,HOLD,10000.0
2025-03-03,398.82000732421875,398.82000732421875,386.1600036621094,388.489990234375,23007700,HOLD,10000.0
2025-03-04,383.3999938964844,392.5799865722656,381.0,388.6099853515625,29342900,HOLD,10000.0
2025-03-05,389.3399963378906,401.6700134277344,388.80999755859375,401.0199890136719,23433100,HOLD,10000.0
2025-03-06,394.2799987792969,402.1499938964844,392.67999267578125,396.8900146484375,23304600,HOLD,10000.0
2025-03-07,392.32000732421875,394.79998779296875,385.5400085449219,393.30999755859375,22034100,HOLD,10000.0
2025-03-10,385.8399963378906,386.3999938964844,377.2200012207031,380.1600036621094,32840100,HOLD,10000.0
2025-03-11,379.0,386.0,376.9100036621094,380.45001220703125,30380200,HOLD,10000.0
2025-03-12,382.95001220703125,385.2200012207031,378.95001220703125,383.2699890136719,24253600,HOLD,10000.0
2025-03-13,383.1600036621094,385.32000732421875,377.45001220703125,378.7699890136719,20473000,HOLD,10000.0
2025-03-14,379.7799987792969,390.2300109863281,379.510009765625,388.55999755859375,19952800,HOLD,10000.0
2025-03-17,386.70001220703125,392.7099914550781,385.57000732421875,388.70001220703125,22474300,HOLD,10000.0
2025-03-18,387.07000732421875,387.3699951171875,381.1000061035156,383.5199890136719,19486900,HOLD,10000.0
2025-03-19,385.5299987792969,389.67999267578125,384.0,387.82000732421875,19185500,HOLD,10000.0
2025-03-20,385.739990234375,391.7900085449219,383.2799987792969,386.8399963378906,18470500,HOLD,10000.0
2025-03-21,383.2200012207031,391.739990234375,382.79998779296875,391.260009765625,39675900,HOLD,10000.0
2025-03-24,395.3999938964844,395.3999938964844,389.80999755859375,393.0799865722656,21004500,HOLD,10000.0
2025-03-25,393.9200134277344,396.3599853515625,392.6400146484375,395.1600036621094,15775000,HOLD,10000.0
2025-03-26,395.0,395.30999755859375,388.57000732421875,389.9700012207031,16108400,HOLD,10000.0
2025-03-27,390.1300048828125,392.239990234375,387.3999938964844,390.5799865722656,13766800,HOLD,10000.0
2025-03-28,388.0799865722656,389.1300048828125,376.92999267578125,378.79998779296875,21632000,HOLD,10000.0
2025-03-31,372.5400085449219,377.07000732421875,367.239990234375,375.3900146484375,35184700,HOLD,10000.0
2025-04-01,374.6499938964844,382.8500061035156,373.2300109863281,382.19000244140625,19689500,HOLD,10000.0
2025-04-02,377.9700012207031,385.0799865722656,376.6199951171875,382.1400146484375,16092600,HOLD,10000.0
2025-04-03,374.7900085449219,377.4800109863281,369.3500061035156,373.1099853515625,30198000,HOLD,10000.0
2025-04-04,364.1300048828125,374.5899963378906,359.4800109863281,359.8399963378906,49209900,HOLD,10000.0
2025-04-07,350.8800048828125,371.0,344.7900085449219,357.8599853515625,50425000,HOLD,10000.0
2025-04-08,368.260009765625,373.6499938964844,350.25,354.55999755859375,35868900,HOLD,10000.0
2025-04-09,353.5400085449219,393.2300109863281,353.1000061035156,390.489990234375,50199700,HOLD,10000.0
2025-04-10,382.05999755859375,383.8999938964844,367.79998779296875,381.3500061035156,38024400,HOLD,10000.0
2025-04-11,380.6400146484375,390.04998779296875,378.8900146484375,388.45001220703125,23839200,HOLD,10000.0
2025-04-14,393.2200012207031,394.6499938964844,384.2099914550781,387.80999755859375,19251200,HOLD,10000.0
2025-04-15,388.510009765625,391.8900146484375,384.1600036621094,385.7300109863281,17199900,HOLD,10000.0
2025-04-16,380.6700134277344,381.6099853515625,368.0,371.6099853515625,21967800,HOLD,10000.0
2025-04-17,373.75,374.32000732421875,366.8900146484375,367.7799987792969,20943700,HOLD,10000.0
2025-04-21,362.82000732421875,364.4800109863281,355.6700134277344,359.1199951171875,20807300,HOLD,10000.0
2025-04-22,363.3800048828125,367.7699890136719,359.8599853515625,366.82000732421875,19485000,HOLD,10000.0
2025-04-23,376.05999755859375,380.3900146484375,373.0199890136719,374.3900146484375,20545500,HOLD,10000.0
2025-04-24,375.70001220703125,388.45001220703125,375.19000244140625,387.29998779296875,22232300,HOLD,10000.0
2025-04-25,387.0,392.1600036621094,384.6000061035156,391.8500061035156,18973200,HOLD,10000.0
2025-04-28,391.9599914550781,392.739990234375,386.6400146484375,391.1600036621094,16579400,HOLD,10000.0
2025-04-29,391.29998779296875,395.1000061035156,390.3800048828125,394.0400085449219,14974000,HOLD,10000.0
2025-04-30,390.29998779296875,396.6600036621094,384.44000244140625,395.260009765625,36461100,HOLD,10000.0
2025-05-01,431.1099853515625,436.989990234375,424.8999938964844,425.3999938964844,58938100,HOLD,10000.0
2025-05-02,431.739990234375,439.44000244140625,429.989990234375,435.2799987792969,30757400,HOLD,10000.0
2025-05-05,432.8699951171875,439.5,432.1099853515625,436.1700134277344,20136100,HOLD,10000.0
2025-05-06,432.20001220703125,437.7300109863281,431.1700134277344,433.30999755859375,15104200,HOLD,10000.0
2025-05-07,433.8399963378906,438.1199951171875,431.1099853515625,433.3500061035156,23295300,HOLD,10000.0
2025-05-08,437.92999267578125,443.6700134277344,435.6600036621094,438.1700134277344,23491300,HOLD,10000.0
2025-05-09,440.0,440.739990234375,435.8800048828125,438.7300109863281,15324200,HOLD,10000.0
2025-05-12,445.94000244140625,449.3699951171875,439.7799987792969,449.260009765625,22821900,HOLD,10000.0
2025-05-13,447.7799987792969,450.6700134277344,445.3599853515625,449.1400146484375,23618800,HOLD,10000.0
2025-05-14,448.1400146484375,453.8999938964844,448.1400146484375,452.94000244140625,19902800,HOLD,10000.0
2025-05-15,450.7699890136719,456.19000244140625,450.42999267578125,453.1300048828125,21992300,HOLD,10000.0
2025-05-16,452.04998779296875,454.3599853515625,448.7300109863281,454.2699890136719,23849800,HOLD,10000.0
2025-05-19,450.8800048828125,459.5899963378906,450.79998779296875,458.8699951171875,21336500,HOLD,10000.0
2025-05-20,455.5899963378906,458.3399963378906,454.32000732421875,458.1700134277344,15441800,HOLD,10000.0
2025-05-21,454.57000732421875,457.7799987792969,451.80999755859375,452.57000732421875,19216900,HOLD,10000.0
2025-05-22,454.95001220703125,460.25,453.8999938964844,454.8599853515625,18025600,HOLD,10000.0
2025-05-23,449.9800109863281,453.69000244140625,448.9100036621094,450.17999267578125,16883500,HOLD,10000.0
2025-05-27,456.4800109863281,460.95001220703125,456.1199951171875,460.69000244140625,20974300,HOLD,10000.0
2025-05-28,461.2200012207031,462.5199890136719,456.92999267578125,457.3599853515625,17086300,HOLD,10000.0
2025-05-29,461.54998779296875,461.7200012207031,455.30999755859375,458.67999267578125,13974800,HOLD,10000.0
