Date,open,high,low,close,volume
2022-01-03,174.54294702694892,179.4996045429641,174.42516992990628,178.6456756591797,104487900
2022-01-04,179.25420553725706,179.55847298837972,175.80907606705392,176.37835693359375,99310400
2022-01-05,176.29003276011701,176.83967914737053,171.41189860813105,171.6867218017578,94537600
2022-01-06,169.50773661732023,172.05968310015797,168.46733250526367,168.8206787109375,96904000
2022-01-07,169.69422597653536,170.9211204367095,167.86860642072668,168.98753356933594,86709100
2022-01-10,165.95464256744464,169.31142378084766,165.06145986786478,169.0071563720703,106765600
2022-01-11,169.13477238363146,171.9418925722171,167.66249900972133,171.84375,76138300
2022-01-12,172.8645368239584,173.90494104881037,171.58857842094562,172.2854461669922,74805200
2022-01-13,172.5307934232952,173.3552628490283,168.614541185956,169.0071563720703,84505800
2022-01-14,168.17289299389805,170.56779364905069,167.92751407393143,169.8709259033203,80440800
2022-01-18,168.33974508224512,169.3507050116675,166.2785711868531,166.66136169433594,90956700
2022-01-19,166.85763576058818,167.9176743026287,162.87268520870163,163.15731811523438,94815000
2022-01-20,163.8934762825247,166.54356549753263,161.14522951347425,161.46913146972656,91420500
2022-01-21,161.38080003283116,163.25549850314817,159.29999166470387,159.407958984375,122848900
2022-01-24,157.06213706108227,159.2999915243486,151.8404666623007,158.63255310058594,162294600
2022-01-25,156.04132272716996,159.7514499461909,154.11756082376363,156.8265380859375,115798400
2022-01-26,160.47780767829823,161.3513560017588,154.90280601323298,156.7382354736328,108275300
2022-01-27,159.44722329665106,160.81152952765763,155.3543046036314,156.2769317626953,121954600
2022-01-28,162.64696676990783,167.2011988377615,159.79075260205332,167.1815643310547,179935700
2022-01-31,167.0147037152971,171.76523578487254,166.37670956776643,171.54930114746094,115541600
2022-02-01,170.79351570873365,171.60817541361024,169.12494226668923,171.38243103027344,86213900
2022-02-02,171.51987313267702,172.62899069570594,170.12612259885077,172.5897216796875,84914300
2022-02-03,171.25482156772748,172.9822984461671,168.93844437078735,169.7040252685547,89418100
2022-02-04,168.72128157532018,171.09958880025067,167.7385154477962,169.41905212402344,82465400
2022-02-07,169.88096130618518,170.9521728360201,168.00387431629863,168.70164489746094,77251200
2022-02-08,168.7704203940124,172.32804392038554,168.4755875609354,171.81700134277344,74829200
2022-02-09,173.01594191587955,173.60559246596077,171.88575211887613,173.24197387695312,71285000
2022-02-10,171.13889356700463,172.4557965844286,168.59353288500876,169.15370178222656,90865900
2022-02-11,169.3600667805501,170.0971412814251,165.1439922378864,165.73365783691406,98670700
2022-02-14,164.48555705147456,166.65747672658372,163.68951891129095,165.96954345703125,86185500
2022-02-15,168.02350743268553,169.969379951066,167.3159146994891,169.8121337890625,62527400
2022-02-16,168.88834547600229,170.3526572392932,167.11936365193407,169.57627868652344,61177400
2022-02-17,168.0824845697611,168.94732353481027,165.56660575778602,165.96954345703125,69589300
2022-02-18,166.8933689298829,167.6009468216719,163.3259227044928,164.4167938232422,82772700
2022-02-22,162.1367581949425,163.81729494035432,159.35552814005308,161.48814392089844,91162800
2022-02-23,162.6870716360414,163.28655947595425,156.99686328327715,157.3113555908203,90009200
2022-02-24,149.95045639119465,160.04346864256559,149.38045024208816,159.93536376953125,141147500
2022-02-25,161.0164144612621,162.27435402769208,158.09759757776467,162.00901794433594,91974200
2022-02-28,160.24987208714413,162.56920117825686,159.630724513266,162.2743682861328,95056600
2022-03-01,161.86158516779412,163.72884988791748,159.1786377230553,160.38743591308594,83474400
2022-03-02,161.55689852854007,164.47571468295504,160.14171312084568,163.6894989013672,79724800
2022-03-03,165.5665743810418,165.998993781618,162.69689971772982,163.36517333984375,76678400
2022-03-04,161.65518372489828,162.69691327903544,159.30637359945834,160.35792541503906,83737200
2022-03-07,160.54466966467405,162.17606497919274,156.29911294194886,156.5546417236328,96418800
2022-03-08,156.08290647641851,160.0729341178279,153.1149488975309,154.7266845703125,131148300
2022-03-09,158.69705635061237,160.59380261054181,156.66273844037977,160.1417236328125,91454900
2022-03-10,157.43912578291366,157.62585374072557,153.2918516527838,155.7880859375,105342000
2022-03-11,156.1909993742422,156.5349734862068,151.83735301963387,152.06338500976562,96970100
2022-03-14,148.83991330847238,151.4638968278343,147.51318815597864,148.0242156982422,108732100
2022-03-15,148.29939820148408,152.88892907582556,147.78837062747488,152.4171905517578,92964300
2022-03-16,154.34341096119434,157.24256780595263,151.79805049383225,156.83963012695312,102300200
2022-03-17,155.8765285127207,158.22533884354678,154.9134219533723,157.8518829345703,75615400
2022-03-18,157.74374709590094,161.64532886626444,157.00667268078166,161.15394592285156,123511700
2022-03-21,160.69206357071295,163.48313041290612,160.20068056976743,162.52984619140625,95811400
2022-03-22,162.6576000843649,166.5002188572966,162.067949464373,165.9105682373047,81532000
2022-03-23,165.09488461775757,169.66474104201137,164.76073274272346,167.27662658691406,98062700
2022-03-24,168.11194838158724,171.13886943985568,167.2766062849375,171.07008361816406,90131400
2022-03-25,170.8833729038462,172.25923943454524,169.77284242104022,171.70889282226562,80546200
2022-03-28,169.202835000459,172.701479862601,169.03576656556126,172.57373046875,90371900
2022-03-29,173.64494077798946,175.92495028186923,173.30096665224875,175.87582397460938,100589400
2022-03-30,175.47290101025155,176.51463074136956,173.65477761444038,174.7063446044922,92633200
2022-03-31,174.77513005413485,174.96185802360853,171.3944120690703,171.60079956054688,103049300
2022-04-01,171.03076544091473,171.86612253758457,168.97678810398756,171.30593872070312,78751300
2022-04-04,171.56147679106857,175.41391791306214,171.43371240572407,175.36477661132812,76468400
2022-04-05,174.44095050769076,175.22716624153688,171.4140296796648,172.04299926757812,73401800
2022-04-06,169.3895629453013,170.6376800716011,167.19799877542366,168.8686981201172,89058800
2022-04-07,168.2102636995684,170.37234630580983,166.92284239749918,169.17337036132812,77594700
2022-04-08,168.8195531941642,168.8195531941642,166.28401495074868,167.15867614746094,76575500
2022-04-11,165.8025036623988,166.1169810703117,162.6478173441477,162.8935089111328,72246700
2022-04-12,165.12436524547022,166.94247354315863,163.76814322121325,164.77056884765625,79265200
2022-04-13,164.5052126435429,168.09230281785548,163.89590247589382,167.4633331298828,70618900
2022-04-14,167.67951999560208,168.3183268545176,162.19568424725855,162.44137573242188,75329400
2022-04-18,161.09501447518673,163.72883537462482,160.75105534373716,162.22520446777344,69023900
2022-04-19,162.17605691767423,164.92780484237912,161.0851860080734,164.51502990722656,67723800
2022-04-20,165.85162307101254,165.9695652154126,163.2374763040021,164.34799194335938,67929800
2022-04-21,165.9990185433864,168.57386081804293,163.05072036783037,163.5519256591797,87227800
2022-04-22,163.59122382969923,164.97691239861385,158.71669820313346,159.00169372558594,84882400
2022-04-25,158.3432742820327,160.35794785043367,155.72912776950562,160.0729522705078,96046400
2022-04-26,159.453804965821,159.54225031873102,154.0191094538627,154.0977325439453,95623200
2022-04-27,153.2230444512666,157.0361661796235,152.7021796920346,153.87167358398438,88063200
2022-04-28,156.50548217036973,161.68466307901278,156.19098985906734,160.81982421875,130216800
2022-04-29,159.0508831142893,163.33574447827155,154.5399897161662,154.93309020996094,131747600
2022-05-02,154.009274370481,155.5030679702358,150.6285567574635,155.23773193359375,123055300
2022-05-03,155.42447125561708,157.94036536820087,153.62602227442122,156.73155212402344,88966500
2022-05-04,156.91825813151257,163.61089273431188,156.5153204398764,163.15882873535156,108256500
2022-05-05,161.0262227132276,161.2522547050873,152.2795959021098,154.0682373046875,130525300
2022-05-06,153.54660360417492,156.92245186539364,151.74549742097102,154.7965545654297,116124600
2022-05-09,152.48364388073944,153.36944186699063,149.0979741892278,149.65896606445312,131577900
2022-05-10,153.06434369573583,154.26508109944479,150.5152283773258,152.07028198242188,115366700
2022-05-11,151.07623770131187,152.9954442320576,143.5076602631258,144.186767578125,142689800
2022-05-12,140.51563536508115,143.89146772280242,136.6083213128755,140.30894470214844,182602000
2022-05-13,142.3069113841073,145.7614978791984,140.8502848803236,144.78712463378906,113990900
2022-05-16,143.25177981278947,145.19067486728656,141.90340179419994,143.24192810058594,86643800
2022-05-17,146.50950977669152,147.40514453340242,144.36392404181558,146.88351440429688,78336300
2022-05-18,144.5312514480339,145.0331931657119,137.69097960525806,138.59646606445312,109742900
2022-05-19,137.67130943156462,139.4232021551722,134.4431016025898,135.18125915527344,136095600
2022-05-20,136.89376494741566,138.47834364409812,130.51608836864122,135.41744995117188,137426100
2022-05-23,135.61429152570187,140.99792151579808,135.47650272414663,140.8502960205078,117726300
2022-05-24,138.58658343549627,139.7282704399116,135.1615374401004,138.14369201660156,104132700
2022-05-25,136.2441979580696,139.55114451962976,136.15562265268915,138.30120849609375,92482700
2022-05-26,135.22061822713323,142.06087507401406,134.97456571452705,141.5097198486328,90601500
2022-05-27,143.09429845299417,147.31655295622195,142.96634634088457,147.27719116210938,90978500
2022-05-31,146.71620151537235,148.28109191355486,144.5214022588055,146.4898223876953,103718400
2022-06-01,147.5330747402819,149.3440325752995,145.34812731297455,146.36187744140625,74286600
2022-06-02,145.49576829817823,148.8814531521364,144.5410833823405,148.82240295410156,72348100
2022-06-03,144.58043039547144,145.63354221228246,142.17897081970852,143.08444213867188,88570300
2022-06-06,144.70842020614944,146.22411227912656,142.61204773670627,143.8324737548828,71598400
2022-06-07,142.07072118986648,146.64729173693155,141.82466868695218,146.36187744140625,67808200
2022-06-08,146.23392365623158,147.50354794884595,145.13161326153673,145.62371826171875,53950200
2022-06-09,144.75762100742102,145.61387897508678,140.27946212008615,140.38772583007812,69473000
2022-06-10,138.06497716276021,138.53739375627023,134.89581977133565,134.9647216796875,91437900
2022-06-13,130.77198099232118,133.0651921487905,129.3645678675484,129.79762268066406,122207100
2022-06-14,131.02787945261767,131.77587363104502,129.40392397478837,130.66371154785156,84784300
2022-06-15,132.16956604237166,135.17140981281415,130.0732087681398,133.29156494140625,91533000
2022-06-16,129.99447151756362,130.29957424502024,127.00246441029934,128.00636291503906,108123900
2022-06-17,128.01620271778103,130.97866943008026,127.76029850473763,129.482666015625,134520300
2022-06-21,131.31326788458287,134.89579090596212,131.21485591666365,133.72457885742188,81000500
2022-06-22,132.6616745701608,135.5847798082292,131.7955798825567,133.2128448486328,73409200
2022-06-23,134.65962935518908,136.40167037101077,133.48841696582116,136.08673095703125,72433800
2022-06-24,137.6909982443359,139.66927031856164,137.5630611330131,139.4232177734375,89116800
2022-06-27,140.44678975329754,141.224324205889,138.74411034603793,139.4232177734375,70207900
2022-06-28,139.88578412525837,141.15540852649434,135.1517360213465,135.26983642578125,67083400
2022-06-29,135.28951427489562,138.4488199898158,134.51197995876558,137.03155517578125,66242400
2022-06-30,135.0828178246583,136.18512818079344,131.65777134820112,134.56118774414062,98964500
2022-07-01,133.89191616880768,136.84454604479996,133.51792659665477,136.7362823486328,71051600
2022-07-05,135.59463354770725,139.37399683516924,134.767885626568,139.3247833251953,73353800
2022-07-06,139.11811267133183,141.84436401241877,138.85237172208522,140.66331481933594,74064300
2022-07-07,141.02742865411602,144.2359625097589,141.01759196163377,144.03912353515625,66253700
2022-07-08,142.966323535681,145.22017259883353,142.71043437013336,144.7182159423828,64547800
2022-07-11,143.3698906543045,144.3245757006066,141.50973407273898,142.58251953125,63141600
2022-07-12,143.4584425008562,146.10596977247354,142.7596618190989,143.55686950683594,77588800
2022-07-13,140.732208499025,144.13756705664937,139.87593549444708,143.19273376464844,71185600
2022-07-14,141.80500455544606,146.59810332697126,140.98810830379452,146.1256866455078,78140700
2022-07-15,147.41498678876548,148.47793549322745,145.85993303693337,147.798828125,76259900
2022-07-18,148.3598211223461,149.17671722622794,144.38360430388153,144.74777221679688,81420900
2022-07-19,145.58433884840355,148.8420714884981,144.59029217223815,148.61570739746094,82982400
2022-07-20,148.73380801228873,151.29275997844778,147.99565052411046,150.6234893798828,64823400
2022-07-21,152.06044916137068,153.11356109876007,149.54087389527504,152.89703369140625,65086600
2022-07-22,152.93638205415488,153.81232830048907,150.98765057695607,151.6569061279297,66675400
2022-07-25,151.5781876406526,152.59192281243702,149.8755084226827,150.53492736816406,53623900
2022-07-26,149.8558049610543,150.67270104012428,148.41886681163666,149.20623779296875,55138700
2022-07-27,150.17076942758217,154.84576710893515,149.75740301368916,154.3142852783203,78620700
2022-07-28,154.50129531236348,155.15087757432116,151.97188319707365,154.86546325683594,81378700
2022-07-29,158.69403377664,161.04629519406532,156.98150288420325,159.9439697265625,101786900
2022-08-01,158.4676575395611,161.00692131549803,158.34955713719083,158.9597625732422,67829400
2022-08-02,157.57201926429306,159.84554184971918,157.1094393855953,157.48342895507812,59907000
2022-08-03,158.30034109572696,163.95954889245084,158.21176579536746,163.50682067871094,82507500
2022-08-04,163.38867246333234,164.55004790038592,161.83361909180155,163.19183349609375,55474100
2022-08-05,160.85607517425956,163.45799860304652,160.64909732753878,162.9652099609375,56697000
2022-08-08,163.97047703384425,165.3897106347166,161.8317762742878,162.4921112060547,60276900
2022-08-09,161.65435324056202,163.4283949524473,160.89545469517256,162.54136657714844,63135500
2022-08-10,165.26157448955212,166.89763621928432,164.49282549147833,166.79908752441406,70170500
2022-08-11,167.6072543726192,168.52384897861626,165.76422984138568,166.05990600585938,57149200
2022-08-12,167.37071373861576,169.68681094741032,166.95675811414395,169.61782836914062,68039400
2022-08-15,169.04619612673898,170.88922057556053,168.8786498167292,170.69210815429688,54091700
2022-08-16,170.28799905158363,171.2045935150572,169.18415758381616,170.53439331054688,56377100
2022-08-17,170.27815992548992,173.60940030005358,170.0810475130616,172.03248596191406,79542000
2022-08-18,171.24403503116682,172.37744277272193,170.6231165953559,171.6382598876953,62290100
2022-08-19,170.53440436112984,171.23417071896347,168.83921054651765,169.0461883544922,70346300
2022-08-22,167.24258643834608,167.41013274664442,164.72936173644348,165.15316772460938,69026800
2022-08-23,164.6702541399305,166.27674992255248,164.24644808838713,164.81808471679688,54147100
2022-08-24,164.90677623350408,165.68537556627746,163.85220146265053,165.11373901367188,53841500
2022-08-25,166.34571105112042,167.68609658373745,165.92192009296824,167.5776824951172,51218200
2022-08-26,168.10988929542629,168.58296208169574,161.20098435870386,161.26011657714844,78961000
2022-08-29,158.82576612384563,160.55052629290446,157.5149616294303,159.05245971679688,73314000
2022-08-30,159.79163221679283,160.21542318351743,155.44523326516241,156.61807250976562,77906200
2022-08-31,157.99786809208942,158.2639781293564,154.87359037905333,154.9524383544922,87991100
2022-09-01,154.38083912060534,156.13516564162336,152.43925049250385,155.6818084716797,74229900
2022-09-02,157.44596671349123,158.04716944145756,152.734908630889,153.5627899169922,76957800
2022-09-06,154.21327658173306,154.82432967651317,151.47337297526548,152.30125427246094,73714800
2022-09-07,152.587059729615,154.410368411757,151.3945047755551,153.7106170654297,87449600
2022-09-08,152.4096506976959,154.10484460794962,150.47791285622748,152.2322540283203,84923800
2022-09-09,153.22765992863847,155.54377193244906,152.51804327379915,155.10025024414062,68028800
2022-09-12,157.2882184041863,161.8908608554652,157.0024077119645,161.0728302001953,104956000
2022-09-13,157.59379629154282,158.22456513012241,151.15797805083207,151.62120056152344,122656600
2022-09-14,152.55745729673092,154.83415280049869,151.39448365467393,153.06996154785156,87965400
2022-09-15,152.41949313430064,153.0009950551444,149.19666683175186,150.17237854003906,90481100
2022-09-16,149.0291279719984,149.167108171916,146.23007742711988,148.52647399902344,162278800
2022-09-19,147.15650634266927,152.3307858345421,146.94954358467322,152.25193786621094,81474200
2022-09-20,151.1875044560908,155.80001259569255,150.8721276389919,154.63702392578125,107689800
2022-09-21,155.07069875161233,156.4505157277147,151.38464998799563,151.50291442871094,101696800
2022-09-22,150.18222476731452,152.24207704269242,148.73342540610145,150.5370330810547,86652500
2022-09-23,149.00940896271652,149.28536935652284,146.41733629369975,148.26036071777344,96029900
2022-09-26,147.50146783564452,151.55219019297488,147.48175208341434,148.595458984375,93339400
2022-09-27,150.53708939650227,152.4885283327447,147.78732017665826,149.5712127685547,84442700
2022-09-28,145.5105969943164,148.46732818361193,142.75097820989805,147.67886352539062,146691400
2022-09-29,143.99283321708396,144.603886261403,138.65099162276434,140.42503356933594,128138200
2022-09-30,139.2423203631924,141.03607776050177,136.00962893649438,136.2067413330078,124925300
2022-10-03,136.2166245441246,141.00653009557303,135.70412021518845,140.3954620361328,114311700
2022-10-04,142.93825359464822,144.11109281535886,142.17935497441533,143.99282836914062,87830100
2022-10-05,141.9920712054399,145.25432833833497,140.94734705889508,144.2884521484375,79471000
2022-10-06,143.7069978739473,145.41204208560697,143.12551098076761,143.3324737548828,68402200
2022-10-07,140.4841648717613,141.03610072606975,137.4387349893986,138.0695037841797,85925600
2022-10-10,138.3947296142578,139.84352910239818,136.57142106787293,138.3947296142578,74899000
2022-10-11,137.88223882715224,139.31133774176766,136.22647641502994,136.9755096435547,77033700
2022-10-12,137.123356205743,138.33561191162715,136.16734514961954,136.34474182128906,70433700
2022-10-13,133.04305662953354,141.51901056988928,132.4319886081597,140.92767333984375,113224000
2022-10-14,142.22863580040965,142.43561361849277,136.19690846794037,136.38417053222656,88598000
2022-10-17,139.035378783641,140.83897177317823,138.24691403880277,140.35604858398438,85250900
2022-10-18,143.39160620792404,144.58414598172774,138.58198553276452,141.67669677734375,99136600
2022-10-19,139.6464251768979,142.85940118883795,139.45916311704835,141.78512573242188,61758300
2022-10-20,140.95724070036255,143.7858421579012,140.59256694794956,141.3218994140625,64522000
2022-10-21,140.80941666017796,145.71760218486398,140.5925884624425,145.14596557617188,86548600
2022-10-24,145.0671108242576,148.0632589024532,143.89427154723307,147.2945098876953,75981900
2022-10-25,147.92524356927564,150.29063731652494,147.20577659322453,150.14279174804688,74732300
2022-10-26,148.78273318220164,149.7978764436125,145.9048346701109,147.19595336914062,88194300
2022-10-27,145.93438874499338,146.90024996196468,142.051213088215,142.7115478515625,109180200
2022-10-28,146.06254411260886,155.22841546191245,145.68803498734457,153.49380493164062,164762400
2022-10-31,150.9510060343384,152.01543120421692,149.7288849047636,151.12840270996094,97943200
2022-11-01,152.84330260142488,153.20796132588728,146.97912170575748,148.47718811035156,80379300
2022-11-02,146.80169249277182,149.97525166506418,142.90866631469993,142.938232421875,93604600
2022-11-03,140.01108109963562,140.74041357111363,136.74882328898968,136.876953125,97918500
2022-11-04,140.27292964698458,140.84551433372906,132.66153463797065,136.61038208007812,140814800
2022-11-07,135.35664228494105,137.37054820183675,133.93505454893932,137.14349365234375,83374600
2022-11-08,138.61444628445304,139.62139172038218,135.73178893253106,137.71607971191406,89908500
2022-11-09,136.72884767684445,136.77821128440527,132.8688455459242,133.145263671875,74917800
2022-11-10,139.43384265889435,144.99183654785156,137.7160881791185,144.99183654785156,118854000
2022-11-11,143.95528678900914,148.09169315452817,142.523817082341,147.78565979003906,93979700
2022-11-14,147.06496772898868,148.35821299381362,145.54465286622803,146.3837890625,73374100
2022-11-15,150.2734222564666,151.6258979697989,146.66022247085542,148.1212921142578,89868300
2022-11-16,147.22293159756276,147.95345884286033,145.40645005416332,146.88726806640625,64218300
2022-11-17,144.5574692004244,149.5428936157141,144.28105100101916,148.79261779785156,80389400
2022-11-18,150.36226138845927,150.74727347635653,148.05218886107582,149.3553009033203,74829600
2022-11-21,148.23979441903631,148.44710055496702,145.83099412951367,146.11727905273438,58724100
2022-11-22,146.23571841721474,148.49642726977405,145.05105196598853,148.25949096679688,51804100
2022-11-23,147.53884398667913,149.88841358362208,147.4302500541231,149.1381378173828,58301400
2022-11-25,146.41341229167975,146.97613037369675,145.23862757756845,146.21597290039062,35195900
2022-11-28,143.28398111610815,144.76479944722283,141.54649303051897,142.37574768066406,69246000
2022-11-29,142.4448277773216,142.95818228893546,138.55522474324414,139.36473083496094,83763800
2022-11-30,139.59178750228543,146.81818743880567,138.75266623992653,146.1370086669922,111380900
2022-12-01,146.3147094607483,147.22294276953917,144.73516410236186,146.41342163085938,71250400
2022-12-02,144.09349682237342,146.10740304717433,143.78744839224407,145.91983032226562,65447400
2022-12-05,145.88034988563246,148.99006226616046,143.90592550087496,144.7549285888672,68826400
2022-12-06,145.18929508684244,145.4163496587564,140.10514358274577,141.08248901367188,64727200
2022-12-07,140.37171061069705,141.53661382163668,138.20971339806968,139.1376953125,69721100
2022-12-08,140.53950554386986,141.6846751168045,139.2956238058851,140.82579040527344,62128300
2022-12-09,140.51976247530513,143.70846830830249,139.0981746838461,140.34207153320312,76097000
2022-12-12,140.875124824108,142.65210912700277,139.2560980289499,142.64224243164062,70462700
2022-12-13,147.58818897150496,148.05217980078905,142.39545945134458,143.60972595214844,93886200
2022-12-14,143.49126458622354,144.78450984521314,139.35484405860026,141.37863159179688,82291200
2022-12-15,139.3055198563437,139.98669871245937,134.29047986707778,134.7544708251953,98931900
2022-12-16,134.9420010552602,135.88971607194347,132.01984711589319,132.7898712158203,160156900
2022-12-19,133.3822123650824,133.47105782876667,129.64068555678134,130.67724609375,79592600
2022-12-20,129.70981804392392,131.54603344731098,128.2289996561493,130.60818481445312,77432800
2022-12-21,131.27948005874936,135.06050476290937,131.05242546033497,133.7178955078125,85928000
2022-12-22,132.63196256739838,132.83926868979583,128.63375022087482,130.5390625,77852100
2022-12-23,129.24581575552057,130.72663401357696,127.98218538040545,130.17379760742188,63814900
2022-12-27,129.6999298536339,129.72954501138923,127.07394206581392,128.3671875,69007800
2022-12-28,128.0118001174449,129.3544092695257,124.26039839519768,124.42822265625,85438400
2022-12-29,126.3532816511138,128.81143780896,126.09661191364768,127.95256805419922,75703700
2022-12-30,126.76789648243701,128.28819633379305,125.80042540883515,128.26844787597656,77034200
2023-01-03,128.6139854814398,129.22605213593528,122.58211921528644,123.47061157226562,112117500
2023-01-04,125.26733892869382,127.01470850998557,123.48048749262259,124.7441177368164,89113600
2023-01-05,125.50427521319664,126.1360903730334,123.16458728849297,123.42125701904297,80962700
2023-01-06,124.39859654565812,128.6238555191488,123.29291630250204,127.9624252319336,87754700
2023-01-09,128.80152597146247,131.70393110114725,128.22894131439855,128.48561096191406,70790800
2023-01-10,128.59425187274505,129.5814640429866,126.48161843097465,129.05824279785156,63896200
2023-01-11,129.57158328133335,131.8026771210122,128.7916923794983,131.78294372558594,69458900
2023-01-12,132.1679857307026,132.5431161562632,129.759185341571,131.70399475097656,71379600
2023-01-13,130.34158266882602,133.19462438541646,129.97631909539697,133.0366668701172,57809700
2023-01-17,133.10580835372033,135.53434166770566,132.4147629011091,134.2016143798828,63646600
2023-01-18,135.0703537024429,136.83745656269951,133.30323577852656,133.48094177246094,69672800
2023-01-19,132.36540678256628,134.50765533885576,132.0593734264766,133.54019165039062,58280400
2023-01-20,133.55002780951733,136.25499390289588,132.50358558076502,136.10690307617188,80223600
2023-01-23,136.35371175932897,141.48722602727366,136.1365239219778,139.30548095703125,81760300
2023-01-24,138.51572440513698,141.32928485597137,138.50585770726414,140.70733642578125,66435100
2023-01-25,139.0883015683729,140.60860145852004,137.03489874919626,140.0458984375,65799300
2023-01-26,141.33914314056878,142.40533393014599,140.08537965694651,142.11904907226562,54105100
2023-01-27,141.3292912944412,145.34723680622537,141.25031251687773,144.06385803222656,70555800
2023-01-30,143.1062524963994,143.6887039381187,141.02323465611641,141.1713104248047,64015300
2023-01-31,140.87516062877287,142.49418783542103,140.46053336332577,142.44482421875,65874500
2023-02-01,142.1289302044529,144.7351696002277,139.51282411039048,143.57025146484375,77663600
2023-02-02,146.9958815985471,149.24672407231745,146.2752209542802,148.89134216308594,118339000
2023-02-03,146.13702755609475,155.36746808076367,145.9395881196466,152.5242919921875,154357300
2023-02-06,150.61897306818702,151.14219433077403,148.8518547888618,149.78970336914062,69858300
2023-02-07,148.71364771535568,153.2449481745533,148.71364771535568,152.67236328125,83322600
2023-02-08,151.91220679965525,152.60325227526124,149.2368553096487,149.97726440429688,64120100
2023-02-09,151.81346444457745,152.35643407265164,148.49643142830433,148.940673828125,56007100
2023-02-10,147.77400037597405,149.6327824911062,147.53670230127932,149.30650329589844,57450700
2023-02-13,149.2471763928944,152.51983488560623,149.21751602061343,152.11447143554688,62199000
2023-02-14,150.40396789568928,152.03536371466862,149.158187068462,151.47178649902344,61707600
2023-02-15,151.38283098748437,153.74586979762776,151.15542974516777,153.57778930664062,65573800
2023-02-16,151.77831825822219,154.56651436571883,151.6201346111262,151.97607421875,68167900
2023-02-17,150.63140647639398,151.2740680510971,149.1483273778538,150.8291473388672,59144100
2023-02-21,148.50563686680903,149.59323413897312,146.735835945734,146.80503845214844,58867200
2023-02-22,147.19065212608928,148.2584708875877,145.4999504020457,147.23020935058594,51011300
2023-02-23,148.39689471971093,148.64407457569817,145.57905341345287,147.7146759033203,48394200
2023-02-24,145.45050490064946,145.5296042594395,144.07618560082526,145.05502319335938,55469600
2023-02-27,146.04375066348234,147.48727255329774,145.7866739614647,146.25137329101562,44998500
2023-02-28,145.39119175781394,147.3982909462784,145.17367228142913,145.74713134765625,50547000
2023-03-01,145.17366452678502,145.56914623363537,143.37418806129784,143.67080688476562,55479000
2023-03-02,142.75131384795435,145.05503189340783,142.27671766674902,144.26405334472656,52238100
2023-03-03,146.3700024688502,149.40537804304904,145.66802019550744,149.32627868652344,70732300
2023-03-06,152.05515407809082,154.53684949594242,151.72888994336137,152.09471130371094,87558000
2023-03-07,151.96617914925054,152.29245838395036,149.4251779626418,149.88987731933594,56182000
2023-03-08,151.08620232381537,151.73876071934626,150.11726157953802,151.14552307128906,47204800
2023-03-09,151.8277639907766,152.79670487641312,148.53532624571014,148.89126586914062,53833600
2023-03-10,148.51554589298388,149.23730682187812,145.94486944980744,146.8248291015625,68572400
2023-03-13,146.1426312153812,151.41250811707283,146.03387146368914,148.7726287841797,84457100
2023-03-14,149.57347804705336,151.66955846534526,148.40679633095857,150.8686981201172,73695900
2023-03-15,149.48447760738804,151.52123700910988,148.22879983662045,151.26417541503906,77167900
2023-03-16,150.4435569750594,154.69505367945354,149.9294186304983,154.09193420410156,76161100
2023-03-17,154.31932940774055,154.97188784795392,152.53963142836827,153.2515106201172,98944600
2023-03-20,153.3207323821306,156.03971087014546,152.4110972116962,155.6244354248047,73641400
2023-03-21,155.54533387337614,157.60185682514813,154.7741189081368,157.48321533203125,73938300
2023-03-22,157.50300984854792,160.31096943804832,156.029812451383,156.04959106445312,75701800
2023-03-23,157.03831361968307,159.7276317574304,155.90127718884906,157.13717651367188,67622100
2023-03-24,157.06800208583056,158.53130292384515,156.06940068398688,158.44232177734375,59196500
2023-03-27,158.13580009435265,158.9564390941657,156.0891434767474,156.49452209472656,52390300
2023-03-28,156.18801000892674,156.7021483382564,154.2204529064242,155.87161254882812,45992200
2023-03-29,157.57220469744664,159.23326112130354,157.5524411719995,158.9564208984375,51305700
2023-03-30,159.70784921727477,160.6372479005565,159.45078759523014,160.5284881591797,49501700
2023-03-31,160.60759915912635,163.1387186836245,160.0835790272574,163.0398406982422,68749800
2023-04-03,162.41694087425697,164.4141432098461,162.36750188667764,164.29550170898438,56976200
2023-04-04,164.72065569074036,164.95793868784338,163.24745837486338,163.7615966796875,46278300
2023-04-05,162.88164511746857,163.1881457283857,159.9748075653386,161.91268920898438,51511700
2023-04-06,160.59766588857192,163.09913955417102,160.17252383849814,162.80252075195312,45390100
2023-04-10,159.59907481013732,160.2021942138672,158.2741945090455,160.2021942138672,47716900
2023-04-11,160.5186174915291,160.52849925536958,158.69936213850445,158.98609924316406,47644200
2023-04-12,159.40133668736163,160.23185733032426,157.97757839276272,158.29397583007812,50133100
2023-04-13,159.8067227797579,163.92968090167284,159.59908506589906,163.6923828125,68445600
2023-04-14,162.73332768738865,164.44382316709542,161.9720245871667,163.34634399414062,49386500
2023-04-17,163.22768401184308,163.52430285260365,162.17964384959518,163.36610412597656,41516200
2023-04-18,164.22629596467013,165.52151594579726,163.78136017187086,164.5921173095703,49923000
2023-04-19,163.92968580784367,166.26306428456468,163.67260909854727,165.73904418945312,47720200
2023-04-20,164.2163849134918,165.97630406053003,163.6923648914332,164.7700653076172,52456400
2023-04-21,163.18813815793777,164.5723392677561,162.63445771401044,163.15847778320312,58337300
2023-04-24,163.13870186497232,163.73193954278202,162.04122272168698,163.46498107910156,41949600
2023-04-25,163.32655661191464,164.43391748853472,161.88301968061162,161.92257690429688,48714100
2023-04-26,161.22058862196803,163.41554697412082,160.96352700012233,161.91268920898438,45498800
2023-04-27,163.32654598880194,166.65852525119462,163.32654598880194,166.51022338867188,64902300
2023-04-28,166.58933625125528,167.93399523157063,165.98621681699632,167.76589965820312,55209200
2023-05-01,167.37042504765017,168.52722497825897,166.7376452115908,167.6769256591797,52472900
2023-05-02,168.17128153704527,168.42835824019505,165.65004401355455,166.63876342773438,48425700
2023-05-03,167.58794352434566,168.9919233057137,165.27434367702065,165.56106567382812,65136000
2023-05-04,163.02995828643287,165.15569918374248,162.45649916415186,163.9197998046875,81235400
2023-05-05,169.05123536921852,172.33379095243657,168.8337158986843,171.61203002929688,113316400
2023-05-08,170.53431814830344,171.88887398730245,170.1684967974759,171.54281616210938,55962800
2023-05-09,171.09789605728315,171.58235891028352,169.66425593732595,169.83233642578125,45326900
2023-05-10,171.06824047843108,172.06684167430913,169.96086445482297,171.60214233398438,53724500
2023-05-11,171.88885599180736,172.62049861686478,170.22779972610607,171.78997802734375,49514700
2023-05-12,171.89889318697968,172.33453386665053,169.30487018579348,170.85931396484375,45497800
2023-05-15,171.44343353753627,171.49294089893274,169.77018443200447,170.36424255371094,37266700
2023-05-16,170.2850337969817,171.42362757147254,170.09691488819047,170.36424255371094,42110300
2023-05-17,170.00783790944186,171.21573009717264,168.7306172756303,170.97811889648438,57951600
2023-05-18,171.2850464654308,173.50284672542747,170.86921174934298,173.31472778320312,65496700
2023-05-19,174.6414324508558,174.6414324508558,173.20580942819797,173.4236297607422,55772400
2023-05-22,172.25532419255816,172.97809854709377,171.7305793150355,172.47314453125,43570900
2023-05-23,171.4137731194303,171.66129487805824,169.58210606257185,169.8593292236328,50747300
2023-05-24,169.39397044171028,170.71078788094945,168.82962874348078,170.13653564453125,45143500
2023-05-25,170.70090944955888,172.17612946392208,169.9880455752579,171.27516174316406,56058300
2023-05-26,171.60187949980389,174.0275895351184,171.39395459047836,173.69094848632812,54835000
2023-05-30,175.20579349606086,177.21566879798618,174.81966018947244,175.54241943359375,55964400
2023-05-31,175.57212869440465,177.57210865507508,175.00777185545402,175.492919921875,99625300
2023-06-01,175.9384564736909,178.33446519527467,175.17608525533697,178.3047637939453,68901800
2023-06-02,179.2354435119536,179.97800874169684,177.48298533965166,179.15623474121094,61945900
2023-06-05,180.8195882273271,183.1165821425977,176.275077551752,177.79981994628906,121946500
2023-06-06,178.18596289670575,178.33446990727649,175.67113339582835,177.43350219726562,64848400
2023-06-07,176.67113061333816,179.41367589423808,175.56223798316736,176.05728149414062,61944600
2023-06-08,176.1364534617516,179.04731136486936,175.70082791608735,178.77999877929688,50214900
2023-06-09,179.70080859942686,180.423567952115,178.83943765707895,179.16616821289062,48870700
2023-06-12,179.473070311983,182.0670933538608,179.17604119777275,181.96807861328125,54274900
2023-06-13,180.98790470199526,182.32451307330234,180.63147278147434,181.4928436279297,54929100
2023-06-14,181.5522431050323,182.56213604593384,180.21563475820471,182.12649536132812,57462900
2023-06-15,182.13639531405346,184.67101539623405,181.95817181365123,184.1660614013672,65433200
2023-06-16,184.87893857146415,185.1363708565112,182.4433330473612,183.08688354492188,101235600
2023-06-20,182.58196693246393,184.2552165596262,182.58196693246393,183.17601013183594,49799100
2023-06-21,183.06706733943585,183.5720213426237,180.77996894802234,182.1363983154297,49515700
2023-06-22,181.91856255456008,185.19574759818892,181.84924922371533,185.146240234375,51245300
2023-06-23,183.71063403229002,185.70070333532985,183.17597862652977,184.8294219970703,53079300
2023-06-26,184.97794384564872,186.18585111473345,183.39379870692287,183.43341064453125,48088700
2023-06-27,184.04726807160984,186.52248552112178,183.8294477274505,186.1957550048828,50730800
2023-06-28,186.06704032710473,188.01751290126907,185.7403249158235,187.37396240234375,51216800
2023-06-29,187.2056476277424,188.18583917474905,187.06703605511274,187.71058654785156,46347300
2023-06-30,189.7303801784341,192.5521191164762,189.3640377084909,192.04718017578125,85069600
2023-07-03,191.85903082478487,191.95804555395165,189.85905113432318,190.5521240234375,31458200
2023-07-05,189.67096065277283,191.06697174397888,188.73036598215447,189.43333435058594,46920300
2023-07-06,187.95809689875657,190.11649423604223,187.32444187549908,189.9085693359375,45094300
2023-07-07,189.5125693591173,190.76007362639882,188.35416930217096,188.789794921875,46778000
2023-07-10,187.38387649073601,188.10665094106523,185.18588195082552,186.74032592773438,59922200
2023-07-11,187.28484131741655,187.42345287888426,184.75022127484863,186.21554565429688,46638100
2023-07-12,187.79970514631046,189.79968522544766,186.60170827121757,187.88882446289062,60750200
2023-07-13,188.61157199087162,189.29473443261006,187.89870814797314,188.6511688232422,41342300
2023-07-14,188.34425119556795,189.28483085110778,187.75020804300397,188.79969787597656,41573900
2023-07-17,189.99769273438966,192.39371661286773,189.90858852856573,192.06698608398438,50520200
2023-07-18,191.433317028607,192.40359800546008,190.51252831302557,191.80953979492188,48353800
2023-07-19,191.18579595006162,196.26493172677777,190.74024473686075,193.1659698486328,80507300
2023-07-20,193.15607727761312,194.52240222913113,190.59175546623806,191.21551513671875,59581200
2023-07-21,192.17588392818155,193.03725474426253,189.33432409540026,190.03729248046875,71917800
2023-07-24,191.4927249435582,192.9778554020486,190.34422042985216,190.83926391601562,45377800
2023-07-25,191.4135040021873,192.51250107589357,191.0075647435374,191.70062255859375,37283200
2023-07-26,191.75012548540775,193.70059786031172,191.40360413966724,192.5718994140625,47471900
2023-07-27,194.07685782549473,195.24515323301043,190.6412547294524,191.3046112060547,47460200
2023-07-28,192.74022840055838,194.68080550669023,192.21548351570434,193.88873291015625,48291400
2023-07-31,194.1164606567971,194.54220593555127,193.3243880114047,194.50259399414062,38824100
2023-08-01,194.29468863259882,194.77982161953312,193.3441984148306,193.67092895507812,35175100
2023-08-02,193.1065496196106,193.24516118654293,189.94818497968632,190.6709442138672,50389300
2023-08-03,189.67097673188036,190.46303425792703,188.79969532419432,189.27493286132812,61235200
2023-08-04,183.68094960257173,185.52251207833032,180.11663025996506,180.18594360351562,115799700
2023-08-07,180.32454086912372,181.31462781819698,175.5919264611557,177.07705688476562,97576100
2023-08-08,177.9087289898081,178.48298124186843,175.81964489133262,178.01763916015625,67823000
2023-08-09,179.07702506576103,179.13642786663587,175.25528876502239,176.42359924316406,60378500
2023-08-10,177.70080592181807,178.95822060931928,175.8394526832055,176.20578002929688,54686900
2023-08-11,175.7993034466227,177.0881424893324,175.03590276334816,176.2652587890625,51988100
2023-08-14,176.44371711975322,178.14896748076782,175.78937369863468,177.9209442138672,43675600
2023-08-15,177.34592099472832,177.94076628789648,175.53161335110406,175.9281768798828,43622600
2023-08-16,175.61092006059548,177.0088162608788,174.9863181633248,175.05572509765625,46964900
2023-08-17,175.62083731111454,175.9876593304517,171.9922220355352,172.5077667236328,66062900
2023-08-18,170.82235510894964,173.59834528388794,170.48527458580276,172.9935760498047,61114200
2023-08-21,173.56861510861043,174.61952217759173,172.25001931121287,174.33200073242188,46311900
2023-08-22,175.5415274877659,176.15620551446153,174.73847648439144,175.71006774902344,42084200
2023-08-23,176.9890180826326,179.99303161559698,176.80064510070915,179.56671142578125,52722800
2023-08-24,179.12057292485625,179.54689311295104,174.50053343712446,174.86737060546875,54945800
2023-08-25,175.8587845923081,177.6135940867137,174.3121656551708,177.07823181152344,51449600
2023-08-28,178.54553539179292,179.04124736642365,177.018749166219,178.64468383789062,43820700
2023-08-29,178.15889276911417,183.31429463018617,177.96061099136716,182.54098510742188,53003900
2023-08-30,183.35395983897268,186.23900735465395,183.1556780614674,186.04071044921875,60813900
2023-08-31,186.22906281435257,187.49808420340318,185.87214960318659,186.25880432128906,60794500
2023-09-01,187.86494658905943,188.2912516644068,186.66531684562548,187.835205078125,45732600
2023-09-05,186.66531506939765,188.35073289401015,186.00106278496517,188.07313537597656,45280000
2023-09-06,186.78426205503195,187.2304149251444,179.91370149278592,181.3413543701172,81755800
2023-09-07,173.67762258525417,176.68165076505136,172.05168807820937,176.03721618652344,112488800
2023-09-08,176.82047189213844,178.69426259870855,176.26526175899272,176.65191650390625,65551300
2023-09-11,178.52572555213936,178.7537488345446,175.81912716109244,177.82180786132812,58953100
2023-09-12,177.95068488711692,178.58519559094336,173.32073699502078,174.7880401611328,90370200
2023-09-13,174.99623588192003,175.77946927367296,172.48793449989455,172.71597290039062,84267900
2023-09-14,172.50778112260195,174.58977763559852,172.09138484558866,174.2328643798828,60895800
2023-09-15,174.9665039932106,174.98633670911127,172.32932763975032,173.5091094970703,109205100
2023-09-18,174.9664984209427,177.84163701778533,174.65915940995401,176.4437255859375,67257600
2023-09-19,175.99756128904903,178.08946616062798,175.6109066032087,177.53427124023438,51826900
2023-09-20,177.72265814247962,178.1588871164402,173.89576095445636,173.98500061035156,58436200
2023-09-21,173.05304760725463,174.78803946069445,172.36896268457267,172.4383544921875,63047900
2023-09-22,173.17200382635897,175.56133895987557,172.5573258740407,173.2909698486328,56725400
2023-09-25,172.70604916227998,175.4522977411563,172.65647493916612,174.56993103027344,46172700
2023-09-26,173.32074847329434,173.69747930093746,170.1878450472042,170.4852752685547,64588900
2023-09-27,171.13960475321795,171.5560010147378,167.6002289663342,168.9683837890625,66921800
2023-09-28,167.88772217595067,170.5546549284134,166.18247183150447,169.2261505126953,56294400
2023-09-29,170.54475018871184,171.58574835004075,168.87915010499984,169.74169921875,51814200
2023-10-02,169.75161672914737,172.8052044328195,169.46409530048962,172.25991821289062,52164500
2023-10-03,170.78269477378157,172.14095595651972,169.3550569046923,170.92149353027344,49594600
2023-10-04,169.62271803074952,172.71597100628938,169.50375199905025,172.17068481445312,53020300
2023-10-05,172.29955283135268,173.9453201351637,171.19907169783187,173.4099578857422,48527900
2023-10-06,172.30949278163357,176.46356172729125,171.69479961979252,175.9678497314453,57224100
2023-10-09,175.29367439346143,177.51446959158443,174.2923416030924,177.45498657226562,42390800
2023-10-10,176.5726316175604,178.1787337581922,176.42390893139742,176.86013793945312,43698000
2023-10-11,176.6717569025772,178.30761560829964,176.07691156880261,178.25804138183594,47551100
2023-10-12,178.52572180730996,180.77624333047942,177.50454119898205,179.1602325439453,56743100
2023-10-13,179.8641290223829,180.3697497847248,176.61225971587282,177.31617736816406,51427100
2023-10-16,175.23414983905357,177.54416901861967,174.99620269024845,177.187255859375,52517000
2023-10-17,175.13505578762425,176.8898806260753,173.30093033620963,175.63076782226562,57549400
2023-10-18,174.07423592634754,176.0570840196497,173.60826541418712,174.33200073242188,54764400
2023-10-19,174.53027383635083,176.31484005715805,173.68757251536525,173.95526123046875,59302900
2023-10-20,173.80653768363138,173.91559492791032,171.15943743932888,171.3973846435547,64189300
2023-10-23,169.4442697526279,172.51767489960218,168.4726633962427,171.51634216308594,55980100
2023-10-24,171.56592094062157,172.18059896074934,169.97963653831403,171.95257568359375,43816600
2023-10-25,170.4059694558874,171.57584256593557,169.18650699014253,169.63265991210938,57157000
2023-10-26,168.9088912991807,169.91023915738614,164.24920182104776,165.458740234375,70625300
2023-10-27,165.4785656118454,167.5109876180873,165.3992498850538,166.77732849121094,58499100
2023-10-30,167.57047708446643,169.70203248533966,167.42175441803172,168.82957458496094,51131000
2023-10-31,167.89766069037708,169.43435579022267,166.4600837859852,169.30548095703125,44846000
2023-11-01,169.5334969755198,172.73579212701503,168.66103905073186,172.47802734375,56934900
2023-11-02,174.01475779740764,176.2553707597914,173.95527477340474,176.04718017578125,77334800
2023-11-03,172.74570493436423,175.3035803991637,171.86333827281126,175.13502502441406,79763700
2023-11-06,174.86736758526175,177.8911986418375,174.69882732290304,177.6929168701172,63841300
2023-11-07,177.64335292992328,180.87540499500966,177.43516235233906,180.26072692871094,70530000
2023-11-08,180.7861861177323,181.87674352341537,180.03269413889697,181.32154846191406,49340300
2023-11-09,181.39094357988108,182.54098393459674,180.2507968912838,180.8456573486328,53763500
2023-11-10,182.63256439705196,185.2136688107188,182.19576071339824,185.04489135742188,66133400
2023-11-13,184.46910132249658,184.67756614585693,182.8708053693486,183.45651245117188,43627500
2023-11-14,186.33543591459554,186.74245888927783,184.94561983989882,186.07733154296875,60108400
2023-11-15,186.484378412078,188.12237722055318,186.41488002550872,186.64320373535156,53790500
2023-11-16,188.19184420357837,189.57173837709286,187.27851922089127,188.33082580566406,54412900
2023-11-17,188.86690055056806,188.99596031021713,187.19912126214516,188.31097412109375,50922700
2023-11-20,188.50952517211448,190.51484429092645,188.4996033239707,190.0581817626953,46505100
2023-11-21,190.01848054916417,190.12768147094766,188.36062302598555,189.2540740966797,38134500
2023-11-22,190.09788874466753,191.52740733771327,189.4426832554431,189.919189453125,39617700
2023-11-24,189.48239453680722,189.51217522879531,187.87417657801197,188.5889434814453,24048300
2023-11-27,188.5393228383108,189.2838705083405,187.5267337656693,188.41026306152344,40552600
2023-11-28,188.40030507150686,189.6908571482296,188.0230628104096,189.0157928466797,38415400
2023-11-29,189.51219267303125,190.69354405683197,187.596230622092,187.99331665039062,43014200
2023-11-30,188.45989087281944,188.93641225844013,186.82189215984647,188.569091796875,48794400
2023-12-01,188.94631294335792,190.1673666680402,187.85430382511626,189.84970092773438,45679300
2023-12-04,188.5988763355123,188.6683747194466,186.08727017888344,188.05287170410156,43389500
2023-12-05,188.82719982806023,192.9867262414063,188.79740398889692,192.01385498046875,66628400
2023-12-06,193.03636454966008,193.3441084564195,190.71337975554792,190.92185974121094,41089700
2023-12-07,192.22231940614063,193.58235469178888,192.1826017223777,192.857666015625,47477700
2023-12-08,192.7881840281593,194.56517940505597,192.26203828251843,194.28721618652344,53377300
2023-12-11,191.70610576075973,192.08334803730577,190.0283895071003,191.7755889892578,60943700
2023-12-12,191.6763396332624,193.30441647720014,190.32622602015354,193.29449462890625,52696900
2023-12-13,193.67171305530522,196.56056130389416,193.43346752411227,196.52085876464844,70404200
2023-12-14,196.58041195784497,198.16877097511053,194.733933428728,196.6697540283203,66831600
2023-12-15,196.09396456637802,196.95763485816647,195.56781885438525,196.13368225097656,128256700
2023-12-18,194.66443959475328,195.20052232582978,192.9768014723469,194.4658966064453,55751900
2023-12-19,194.73392679143802,195.5181768519779,194.46588544128923,195.5082550048828,40714100
2023-12-20,195.46854814025792,196.24287639656293,193.41360473632812,193.41360473632812,52242800
2023-12-21,194.67436895686498,195.64724016492798,192.09326476649224,193.26467895507812,46482500
2023-12-22,193.7610508645393,193.98938969071887,191.56712585784612,192.1925506591797,37122800
2023-12-26,192.20248713561688,192.48045036895266,191.42815882163003,191.6465606689453,28919300
2023-12-27,191.09062871652011,192.09328069742187,189.7007974418798,191.74581909179688,48087700
2023-12-28,192.72864072260757,193.24486466881353,191.7656912152772,192.17271423339844,34049900
2023-12-29,192.4903607097449,192.98672576072192,190.33613820624774,191.1303253173828,42628800
2024-01-02,185.78943757371047,187.07006792285642,182.55314280656535,184.29042053222656,82488700
2024-01-03,182.88074176951616,184.52867738484042,182.0964765011294,182.9105224609375,58414500
2024-01-04,180.82580048582,181.7589693006513,179.56504403399205,180.58755493164062,71983600
2024-01-05,180.66694755236284,181.4313387856725,178.8601715873943,179.86282348632812,62303300
2024-01-08,180.76622380895435,184.2507162227342,180.18051667398524,184.21099853515625,59144500
2024-01-09,182.58292017691045,183.80397397190293,181.40156892129536,183.79405212402344,42841800
2024-01-10,183.00980597306068,185.0448906262594,182.58292413922769,184.83642578125,46792900
2024-01-11,185.1838742981323,185.69017636593313,182.28510409693843,184.24078369140625,49128400
2024-01-12,184.7073562390581,185.382420570264,183.84368591687618,184.56837463378906,40444700
2024-01-16,180.83571426310817,182.92043833380222,179.61464536328148,182.29502868652344,65603000
2024-01-17,179.9521756311529,181.60009595806468,178.98922629636922,181.35191345214844,47317400
2024-01-18,184.7371543858006,187.76498444511594,184.47904999387188,187.25869750976562,78005800
2024-01-19,187.95360487861367,190.55455307634924,187.44731794521132,190.16738891601562,68741000
2024-01-22,190.9020161446229,193.90998737033232,190.86229845472488,192.48045349121094,60133900
2024-01-23,193.602222064805,194.3269107729025,192.42087086045922,193.76104736328125,42355600
2024-01-24,193.99930838143553,194.9523359132993,192.92715808853583,193.08599853515625,53631300
2024-01-25,193.80080794182177,194.843177773292,191.70614642923644,192.75843811035156,54822100
2024-01-26,192.85767485186383,193.3441028913112,190.54461197208147,191.0211181640625,44594000
2024-01-29,190.614099077556,190.80272021826386,188.20177223046258,190.3361358642578,47145600
2024-01-30,189.55186921289842,190.4056176214667,186.10709489036137,186.67294311523438,55859400
2024-01-31,185.6802399646441,185.7398164976455,183.00980859435379,183.05943298339844,55467800
2024-02-01,182.6524257138898,185.59089847447947,182.48366340616798,185.50155639648438,64885400
2024-02-02,178.55242764739413,185.96812234304272,177.94686171013706,184.49888610839844,102518000
2024-02-05,186.78216664518396,187.87417583998953,184.48896248395178,186.31558227539062,69668800
2024-02-06,185.50154897397763,187.9337347140823,185.4122068995574,187.92381286621094,43490800
2024-02-07,189.2540584961332,189.66108145721643,187.23881768122482,188.0330047607422,53439000
2024-02-08,188.01314099648533,188.16204444280885,185.98797838719426,186.950927734375,40962000
2024-02-09,187.5174970927484,188.8494643803939,186.8714052160575,187.71630859375,45155200
2024-02-12,187.288900125969,187.53739935899367,185.66868027314752,186.02651977539062,41781900
2024-02-13,184.6547973151463,185.09215835173688,182.4083547485107,183.92916870117188,56529500
2024-02-14,184.20749952407863,184.41623036442274,181.34478380471282,183.0445098876953,54630500
2024-02-15,182.44813474883824,183.3824942652778,180.26134459364147,182.7562713623047,65434500
2024-02-16,182.31889800876044,183.7403213725013,180.57940354414131,181.21556091308594,49701400
2024-02-20,180.69869255835386,181.33484997745663,178.91944475353475,180.47007751464844,53665600
2024-02-21,180.84778599399235,181.7920799507102,179.57547126273693,181.2255096435547,41529700
2024-02-22,182.37852705601026,183.84965322779226,181.36466124906403,183.26318359375,52292200
2024-02-23,183.8993744195286,183.92919311532802,181.1360640493915,181.42433166503906,45119700
2024-02-26,181.14598235368476,181.66284976948523,179.56551591408572,180.0724639892578,40867400
2024-02-27,180.0128468267154,182.8159102315647,178.482083088638,181.53366088867188,54318900
2024-02-28,181.4143703487687,182.02070906977036,179.0486680197237,180.33091735839844,48953900
2024-02-29,180.18181486443112,181.47401381447335,178.45225486971108,179.66493225097656,136682600
2024-03-01,178.47214167082092,179.44625436004063,176.31517027538303,178.58148193359375,73488000
2024-03-04,175.09254322615726,175.838040881393,172.74670999766127,174.04885864257812,81510100
2024-03-05,169.73491231886675,171.00722719097524,168.60175641192043,169.0987548828125,95132400
2024-03-06,170.03310800783655,170.2120353375331,167.6673905223103,168.10475158691406,68587700
2024-03-07,168.13455182641533,169.7050685827557,167.47852546870348,167.98545837402344,71765100
2024-03-08,167.9854678195768,172.6572499858552,167.92583043526673,169.705078125,76114600
2024-03-11,171.90181348381185,173.33317133974063,171.01715691552084,171.71295166015625,60139500
2024-03-12,172.11054191154895,172.98526395951052,169.98338934079592,172.1900634765625,59825400
2024-03-13,171.73284593382695,172.1503228051375,169.73490248954016,170.10269165039062,52488700
2024-03-14,171.87201547265494,173.2636051293667,171.01717749290637,171.9614715576172,72913500
2024-03-15,170.14244776104985,171.583740234375,169.26772563447943,171.583740234375,121664700
2024-03-18,174.51603957790343,176.64319229534289,172.4783429395777,172.67713928222656,75604200
2024-03-19,173.29341963294198,175.54979689128342,171.9912860926869,175.02297973632812,55215200
2024-03-20,174.66513949599232,177.59742736816406,174.0389165846836,177.59742736816406,53423100
2024-03-21,175.98714219427453,176.42450322724187,169.81441519205438,170.3412322998047,106181300
2024-03-22,170.7288907150358,172.01115512427612,169.03909913099622,171.2457733154297,71106600
2024-03-25,169.54605342761408,170.90782428626645,168.43276661931924,169.82437133789062,54288300
2024-03-26,168.97946029150032,170.39093396328443,168.56198344496033,168.6912078857422,57388400
2024-03-27,169.38699247288517,172.55784458202757,169.0887904097557,172.2695770263672,60273300
2024-03-28,170.71896018041463,171.1960744249358,169.4863986176142,170.45057678222656,65672700
2024-04-01,170.16233265286536,170.22197004043582,168.46259127116116,169.00929260253906,46240500
2024-04-02,168.06498070773253,168.32341441545842,167.2200773611407,167.826416015625,49329500
2024-04-03,167.77673855420844,169.6553921834382,167.56800768828836,168.63157653808594,47691700
2024-04-04,169.2677258236611,170.88794562795422,167.8065643310547,167.8065643310547,53704400
2024-04-05,168.5719309687928,169.36713152382467,167.9357735582051,168.56199645996094,42055200
2024-04-08,168.01530178433154,168.1842794442996,167.23005087422234,167.43878173828125,37425500
2024-04-09,167.68726532493085,169.05898582949538,167.33937552823474,168.6514434814453,42451200
2024-04-10,167.7866623517303,168.07491474927153,166.10680533820357,166.7727813720703,49709300
2024-04-11,167.32942111379162,174.40668878905643,167.15050896636146,173.98919677734375,91070300
2024-04-12,173.21389665591335,177.28929006742356,173.16420894399843,175.4901580810547,101593300
2024-04-15,174.30729011068368,175.56967037066977,171.46445848220424,171.6533203125,73531800
2024-04-16,170.71897282804144,172.71690119832985,167.25986775641732,168.3632049560547,73711200
2024-04-17,168.59180586766368,169.62555591523414,166.99147033691406,166.99147033691406,50901200
2024-04-18,167.02127846323074,167.62761710838,165.55016746918514,166.03721618652344,43122900
2024-04-19,165.21221853676252,165.40106519259456,163.0950004513954,164.0094757080078,67772100
2024-04-22,164.52635030592455,166.25589498596477,163.7808527253039,164.84442138671875,48116400
2024-04-23,164.35737315952596,166.04716464714997,163.9299466584378,165.89805603027344,49537800
2024-04-24,165.540232667877,168.2836737462142,165.21222704669103,168.00535583496094,48251800
2024-04-25,168.51229295621184,169.58581142644354,167.14057238305094,168.87013244628906,50558300
2024-04-26,168.8601961624801,170.31142312512412,168.16438620722982,168.28367614746094,44838400
2024-04-29,172.3292258757486,174.97326108846298,172.06085765153782,172.4584503173828,68169400
2024-04-30,172.28947031289857,173.9395086711804,168.9794590883409,169.30747985839844,65934800
2024-05-01,168.56199406268553,171.6732091751753,168.0948143120181,168.28367614746094,50383100
2024-05-02,171.4743893691613,172.37893013348045,169.8641193422282,171.99127197265625,94214900
2024-05-03,185.52948748329575,185.87739241297547,181.56345015431788,182.2791290283203,163224100
2024-05-06,181.2553285088154,183.09421354898845,179.33690673477625,180.61917114257812,78569700
2024-05-07,182.34872294128857,183.79001537072006,180.23151991986552,181.30502319335938,77305800
2024-05-08,181.75233037266264,181.97101089337855,180.36072568018065,181.6429901123047,45057100
2024-05-09,181.46406224266897,183.55146169147778,181.01676669426374,183.46200561523438,48983000
2024-05-10,184.03928564367934,184.22840362497325,181.2821909106075,182.19790649414062,50759500
2024-05-13,184.57678612826817,186.22906253508128,183.76059590764,185.41287231445312,72044800
2024-05-14,186.6371703309541,187.42350153292165,185.42284798919732,186.5575408935547,52393600
2024-05-15,187.03529613574696,189.76253191302303,186.49780129168897,188.8368682861328,70400000
2024-05-16,189.58338637309936,190.21045865928463,188.7771592552961,188.95631408691406,52845200
2024-05-17,188.62785068172937,189.9218023921439,188.29938496531759,188.98617553710938,41282900
2024-05-20,188.44867953467443,191.02661956084452,188.13016182957105,190.1507110595703,44361300
2024-05-21,190.20049107683238,191.83285642957057,190.03128423275254,191.4546356201172,42309400
2024-05-22,191.37501623979523,191.92245910983817,189.38432593982932,190.01138305664062,34648500
2024-05-23,190.09099161364105,190.11090276702717,185.76124979940406,186.0100860595703,51005900
2024-05-24,187.94106857836448,189.6928704821682,187.16468542966413,189.0956573486328,36294600
2024-05-28,190.61853495727325,192.10160462638697,188.21976480489596,189.10562133789062,52280100
2024-05-29,188.7273779696699,191.35508832801628,188.62783738828333,189.40420532226562,53068000
2024-05-30,189.8720349370489,191.2854232244703,189.7426503955058,190.39956665039062,49947900
2024-05-31,190.5488754083416,191.67362027294615,189.02599856414395,191.3551025390625,75158300
2024-06-03,192.0020557606219,194.0823384761381,191.62383496596826,193.12680053710938,50080500
2024-06-04,193.73397115741048,194.41081372828987,192.13146492648488,193.44532775878906,47471400
2024-06-05,194.49042328995185,195.9834409155792,193.96289161058436,194.95823669433594,54156800
2024-06-06,194.77906590771954,195.58529292944826,193.26613725182494,193.57469177246094,41181800
2024-06-07,193.7439169991778,196.02326577578603,193.23629646745044,195.97349548339844,53103900
2024-06-10,195.98342648408087,196.3815736009198,191.25553768440525,192.2210235595703,97262100
2024-06-11,192.74855695795014,206.19567789204126,192.7286609927464,206.1857147216797,172373300
2024-06-12,206.40472171133436,219.1750019825869,205.9369082694312,212.0782012939453,198134300
2024-06-13,213.74040935969603,215.74104751612717,210.61502639534655,213.24273681640625,97862700
2024-06-14,212.8545395919822,214.16838712685717,210.31640674162668,211.50086975097656,70122700
2024-06-17,212.37676580912532,217.93079294137289,211.72979760979996,215.66140747070312,93728300
2024-06-18,216.5771221156608,217.61228945527094,212.008492058615,213.29248046875,79943300
2024-06-20,212.93416556238657,213.24273529474334,207.87782592387282,208.70394897460938,86172500
2024-06-21,209.41064929966387,210.90366690915465,206.14591867526494,206.52415466308594,246421400
2024-06-24,206.75306897426384,211.70988292620214,205.62832424046638,207.17111206054688,80727000
2024-06-25,208.17643126307132,210.39606187439708,207.63895156671146,208.09681701660156,56713900
2024-06-26,210.51548557795786,213.8598456726642,209.65948819693895,212.25733947753906,66213200
2024-06-27,213.69064352295018,214.73575892320002,211.36153961685812,213.1033935546875,49772700
2024-06-28,214.76560832661605,215.0642148828325,209.3210696212814,209.6395721435547,82542700
2024-07-01,211.10273143743845,216.4974998735104,210.933524598722,215.7410430908203,60402900
2024-07-02,215.1438274713018,219.35414798734178,214.09872731420612,219.24465942382812,58046200
2024-07-03,218.97591935149836,220.51870727539062,218.01043340115498,220.51870727539062,37369800
2024-07-05,220.618221554563,225.3958807735831,220.618221554563,225.28639221191406,60412400
2024-07-08,226.03290864697604,226.78938062149984,222.21078721739227,226.759521484375,59085900
2024-07-09,226.8690002119573,228.33215871662,225.3162642938077,227.61550903320312,48076100
2024-07-10,228.23262994836378,231.9950331368443,228.1828596567971,231.89549255371094,62627700
2024-07-11,230.31290687462652,231.30825199534104,224.7190721562944,226.5106964111328,64710600
2024-07-12,227.85438851986095,231.55707334519846,227.61550023869842,229.4668426513672,53046500
2024-07-15,235.37920328245679,236.12571210202407,232.00498402552307,233.3088836669922,62631300
2024-07-16,233.90609879782943,235.17019132901206,231.2485291999769,233.72694396972656,43234300
2024-07-17,228.38192926123955,230.38258262455565,225.58501197125685,227.81459045410156,57345900
2024-07-18,229.20805491946456,229.3673137711516,221.2353466054131,223.13644409179688,66034600
2024-07-19,223.77348959602472,225.74426861436035,222.24064965794977,223.26585388183594,49151500
2024-07-22,225.95328613844396,226.7197061195605,222.0515351611177,222.91749572753906,48201800
2024-07-23,223.32556522126958,225.88360930378687,221.64342964759248,223.96258544921875,39960300
2024-07-24,222.9572958470105,223.75357494115906,216.1192800710717,217.522705078125,61777600
2024-07-25,217.91088420998827,219.8219600686179,213.62094948036474,216.47760009765625,51391200
2024-07-26,217.68198025772855,218.46831142772768,215.0044993866062,216.9454345703125,41601300
2024-07-29,215.95009574418793,218.27919980747717,214.74572140041616,217.22413635253906,36311800
2024-07-30,218.16969337819762,219.30438617677734,215.11397665237357,217.78150939941406,41643800
2024-07-31,220.40921389598267,222.77814001369308,219.60298682237814,221.04623413085938,50036300
2024-08-01,223.3255700813178,223.43505864730554,216.0097928775357,217.3435516357422,62501000
2024-08-02,218.1298614428512,224.54984915998065,216.69657732981517,218.83656311035156,105568600
2024-08-05,198.1632616839607,212.5061888982195,195.08764882459494,208.29588317871094,119548600
2024-08-06,204.34434168651262,209.01251239840335,200.13403637997632,206.26535034179688,69660500
2024-08-07,205.93688655864335,212.64551772150753,205.42926604632788,208.8433074951172,63516400
2024-08-08,212.1179963940502,213.2029189157903,207.85792055043288,212.3170623779297,47161100
2024-08-09,211.11270086651854,215.77090862412464,210.98330114399806,215.23342895507812,42201600
2024-08-12,215.31314332730477,218.7410807003227,214.84478845727688,216.7680206298828,38028100
2024-08-13,218.2428558389481,221.11277276612057,218.2428558389481,220.4949493408203,44155300
2024-08-14,219.7973785028084,222.24875291914373,218.9304156630747,220.94334411621094,41960600
2024-08-15,223.8132865248532,224.56065945598428,221.979720044419,223.932861328125,46414000
2024-08-16,223.1356500786779,226.03546056539557,222.86659157853387,225.25819396972656,44340200
2024-08-19,224.92935218120843,225.19841068626937,222.25873174304007,225.0987548828125,40687800
2024-08-20,224.9791698204466,226.3742597731608,224.66028342820331,225.71656799316406,30299000
2024-08-21,225.7265541171402,227.18143154067607,224.26170199000447,225.60696411132812,34765500
2024-08-22,226.9920749311584,227.54015139464096,223.11570169720306,223.74349975585938,43695300
2024-08-23,224.86956599566977,227.42059644239848,223.5442228703079,226.04542541503906,38677300
2024-08-26,225.9657045588355,226.48388737170686,223.1057623977585,226.3842315673828,30602200
2024-08-27,225.208374045966,228.0483972344343,224.10226151212836,227.23126220703125,35934600
2024-08-28,227.12163896438045,229.05484595642545,224.88947977262964,225.6966552734375,38052200
2024-08-29,229.29401907737392,232.10413336375854,228.07829123837303,228.98509216308594,51906300
2024-08-30,229.38367949051207,229.5929353752877,226.68316554604098,228.19784545898438,52990800
2024-09-03,227.74943764667495,228.1978583447122,220.39528345963856,221.98968505859375,50190600
2024-09-04,220.88357632692316,221.00315112701452,216.71821006143196,220.076416015625,43840200
2024-09-05,220.85368603716802,224.69019125096705,220.7440707336114,221.60105895996094,36615400
2024-09-06,223.16553454066073,224.4510243839852,219.00018373655976,220.0465087890625,48423000
2024-09-09,220.04651885251477,220.49493955114087,215.95091475509392,220.13619995117188,67180000
2024-09-10,218.15315521125123,220.70418549359823,215.97082401031443,219.3389892578125,51591000
2024-09-11,220.68428751867503,222.30856769538977,217.12678504013684,221.8800811767578,44587100
2024-09-12,221.7206265576352,222.76695165661573,219.0500213655269,221.98968505859375,37498200
2024-09-13,222.79683029802118,223.2552104631355,221.1326819144566,221.72061157226562,36766600
2024-09-16,215.78148650258865,216.45911247240775,213.17066883128115,215.56227111816406,59357400
2024-09-17,214.99427397716522,216.14023969143096,213.74865245933694,216.03062438964844,45519300
2024-09-18,216.7879611815548,221.9298901997397,216.777986478492,219.91696166992188,59894900
2024-09-19,224.20191472936153,229.01499812075548,223.84317512238368,228.0683135986328,66781300
2024-09-20,229.1644542640561,232.27352055331795,226.82267984404155,227.40065002441406,318679900
2024-09-23,226.54367501316779,228.64628476177805,225.01903547850176,225.67672729492188,54146000
2024-09-24,227.8490624720206,228.54662262661762,224.93929267987525,226.57354736328125,43556100
2024-09-25,224.1420985437932,226.49383244586693,223.2352976856936,225.57705688476562,42308700
2024-09-26,226.50380712846774,227.69960067739044,224.62042810744603,226.72303771972656,36636700
2024-09-27,227.6597471643239,228.71603171782343,226.50380681299467,226.99208068847656,34026000
2024-09-30,229.234199611622,232.183837890625,228.84556632808733,232.183837890625,54541900
2024-10-01,228.71605176109068,228.84558606321303,222.956298905669,225.4176483154297,63285000
2024-10-02,225.09875954956593,226.5735711981907,222.23881735408233,225.9856414794922,32880600
2024-10-03,224.35137431302277,226.01552277761738,222.53775735368686,224.8795166015625,34044200
2024-10-04,227.10169192907478,227.20134772512517,223.3449086623416,226.00555419921875,37245100
2024-10-07,223.7136221153256,224.8994562199718,220.55472780586587,220.91346740722656,39505400
2024-10-08,223.51431968732726,225.1884276449642,222.46799461113406,224.9791717529297,31855700
2024-10-09,224.44106139019914,228.94523301761674,224.0424685900414,228.7359619140625,33591100
2024-10-10,226.98212047614993,228.6960967971132,226.3742566041183,228.23770141601562,28183500
2024-10-11,228.4968150773993,228.60643037956845,226.54367384020586,226.75294494628906,31759200
2024-10-14,227.89890830734765,230.91829362955485,227.79926770980506,230.48980712890625,39882100
2024-10-15,232.79170373632726,236.65811760908664,231.5560417756155,233.03086853027344,64751400
2024-10-16,230.7887621886474,231.30692979509985,229.0349173503749,230.96812438964844,34082200
2024-10-17,232.6123377292532,233.0308799404877,229.71254238803704,231.33682250976562,32993800
2024-10-18,235.35269346424636,235.35269346424636,233.19029643777657,234.1768341064453,46431500
2024-10-21,233.6287538470191,236.0203561309456,233.6287538470191,235.65164184570312,36254500
2024-10-22,233.07072804715946,235.3925683333293,231.7852533575211,235.03382873535156,38846600
2024-10-23,233.26005323081202,234.31633777031985,226.96218398382533,229.95167541503906,52287000
2024-10-24,229.17442995295067,230.01149918679397,227.60993720006027,229.7623748779297,31109500
2024-10-25,228.93527772998817,232.4030838122294,228.7658750265385,230.59942626953125,38802300
2024-10-28,232.50273684103132,233.9077863541258,231.73542973016842,232.5824432373047,36087100
2024-10-29,232.28350596136286,233.50919327337175,231.50623935322642,232.85150146484375,35417200
2024-10-30,231.79520878623467,232.65219696606212,228.74592985962587,229.29400634765625,47070900
2024-10-31,228.53666090957242,229.02495000446748,224.5805658660821,225.11868286132812,64370100
2024-11-01,220.1959891516409,224.56065178607977,219.49844414747824,222.1291961669922,65276700
2024-11-04,220.21591416091667,222.0095968952219,218.94039900502227,221.23233032226562,44944500
2024-11-05,221.02308305755813,223.1655459656629,220.36539125313263,222.66729736328125,28111300
2024-11-06,221.83023455712816,225.27812143912794,220.41521040716108,221.93984985351562,54561100
2024-11-07,223.8431738287627,227.081789771112,223.7833864288354,226.6831817626953,42137700
2024-11-08,226.6233197345054,228.10973956989392,225.8651541338214,226.41383361816406,38328800
2024-11-11,224.4585504714927,225.15686291743452,220.96697301971395,223.69039916992188,42005600
2024-11-12,224.00963641496367,225.04712701721013,222.82249764582772,223.69039916992188,40398300
2024-11-13,223.4709176605461,226.10456392944064,222.2239257676591,224.5782470703125,48566200
2024-11-14,224.47849544461576,228.31922131738446,224.45853931227538,227.67079162597656,44923900
2024-11-15,225.8551667084814,226.3739196007606,223.73030286311794,224.4585418701172,47923700
2024-11-18,224.70792952115227,229.18712968944305,224.62812021676072,227.4712677001953,44686000
2024-11-19,226.43377721041003,229.60613257977118,226.11455519341968,227.73065185546875,36211800
2024-11-20,227.51117324017346,229.37666823104936,225.34639715216647,228.44891357421875,35169600
2024-11-21,228.3292117939797,229.60613029336434,225.16684213362325,227.97007751464844,42108300
2024-11-22,227.51117639639193,230.16477882059493,227.51117639639193,229.3168182373047,38168300
2024-11-25,230.9030055193102,232.68869124314412,229.1871434272115,232.30960083007812,90152800
2024-11-26,232.76849125195545,235.00310615337486,232.76849125195545,234.49432373046875,45986200
2024-11-27,233.9057547855541,235.12282010257627,233.24733940643014,234.36463928222656,33498400
2024-11-29,234.24492549364632,237.2377059705746,233.40695061340287,236.7588653564453,28481400
2024-12-02,236.69901868412032,240.21053691361496,236.58928278806928,239.013427734375,48137100
2024-12-03,239.232908507596,242.1758064568113,238.32509471728144,242.06607055664062,38861000
2024-12-04,242.28553892887177,243.5225604021956,240.66944226019712,242.42520141601562,44383900
2024-12-05,243.40284992887905,243.95151419061432,241.54732536132988,242.4551239013672,40033900
2024-12-06,242.32543882662802,244.04130085085734,241.49743440151175,242.25559997558594,36870600
2024-12-09,241.24804586880077,246.64503053466012,241.16823655952678,246.1562042236328,44649200
2024-12-10,246.2958646584201,247.612695417372,244.7495916510093,247.1737518310547,36914800
2024-12-11,247.3632990378159,250.19646101706442,245.66737785476369,245.89683532714844,45205800
2024-12-12,246.2958641332418,248.1414182384854,245.08876927344312,247.36329650878906,32777500
2024-12-13,247.223631137632,248.69007959411312,245.647431564018,247.5328826904297,33155300
2024-12-16,247.3932343641577,250.77507595019196,247.05404098232512,250.43588256835938,51694800
2024-12-17,249.47818331943677,253.21915892963332,249.1789022262073,252.8699951171875,51356400
2024-12-18,251.55318925842403,253.66808268004456,247.14382766353577,247.4530792236328,56774100
2024-12-19,246.90440599607692,251.3935770141874,246.49538898335234,249.1888885498047,60882300
2024-12-20,247.44310326755718,254.3863612366688,245.09876750312787,253.87759399414062,147495300
2024-12-23,254.15691915529422,255.03479114956258,252.8400883307868,254.6557159423828,40858800
2024-12-24,254.87518901917565,257.58862955018265,254.67565812568793,257.57867431640625,23234700
2024-12-26,257.56867823862046,259.47408555117545,257.0100282923795,258.39666748046875,27237100
2024-12-27,257.20952960207876,258.0774615569102,252.4510193654514,254.9749298095703,42355300
2024-12-30,251.62300520062965,252.88995321263158,250.14657107718884,251.59307861328125,35557500
2024-12-31,251.83251072711272,252.67048563095815,248.82974448856297,249.81736755371094,39480700
2025-01-02,248.3309608077005,248.5005651105234,241.23808511721737,243.26319885253906,55740700
2025-01-03,242.7743682861328,243.5923870862029,241.3079045417172,242.7743682861328,40244100
2025-01-06,243.72207367593157,246.73481040856498,242.61474424512696,244.41041564941406,45045600
2025-01-07,242.3952722906863,244.9590949760797,240.76920518354387,241.62713623046875,40856000
2025-01-08,241.33782978685954,243.12353076570005,239.47233471944105,242.11595153808594,37628900
2025-01-10,239.43242868693397,239.58207685657038,232.43930319937854,236.28004455566406,61710900
2025-01-13,232.96802072299363,234.10527676213235,229.16719172961072,233.83592224121094,49630700
2025-01-14,234.1850763475817,235.55177458449063,231.9105643637605,232.71861267089844,39435300
2025-01-15,234.07533889356793,238.38495013235746,233.86583756026477,237.2975616455078,39832000
2025-01-16,236.77883010316478,237.4372302632713,227.4812511099753,227.710693359375,71759100
2025-01-17,231.5614090278119,231.73099810398455,227.93016912923343,229.4265594482422,68488300
2025-01-21,223.46094530610958,223.87993275191027,218.85206818023312,222.10421752929688,98070400
2025-01-22,219.26108010259503,223.58066200952604,219.26108010259503,223.29136657714844,64126500
2025-01-23,224.19918327232872,226.4836658384098,221.76505253825962,223.1217803955078,60234800
2025-01-24,224.23906824814947,225.08702882156655,220.877182986192,222.24388122558594,54697900
2025-01-27,223.4809115633434,231.59133678218907,223.44099929694335,229.30685424804688,94863400
2025-01-28,230.2944737209622,239.61199368769647,230.25456145518996,237.68663024902344,75707600
2025-01-29,233.55658589116152,239.28277807440017,233.446849997024,238.7839813232422,45486100
2025-01-30,238.09563705158317,240.21053038482776,236.63915907674937,237.0182342529297,55658300
2025-01-31,246.59515764263173,246.59515764263173,232.87824601959832,235.4320831298828,101075100
2025-02-03,229.4365345420127,231.27210292869276,225.1568499027089,227.46128845214844,73063300
2025-02-04,226.70312948058964,232.5689843025687,226.10456727432145,232.23977661132812,45067300
2025-02-05,227.98006230899622,232.11009917003332,227.7206934550818,231.91058349609375,39620300
2025-02-06,230.7334042435517,233.23737378273856,229.875473186273,232.6587677001953,29925300
2025-02-07,232.04025529180169,233.43688010961284,226.71309440770742,227.08221435546875,39707200
2025-02-10,229.26935130196645,230.2880044885276,226.90244480659103,227.3518524169922,33115600
2025-02-11,227.90114370319637,234.92193591818142,227.83124330015124,232.3153533935547,53718400
2025-02-12,230.89721134547665,236.64967765066982,230.377888084301,236.55978393554688,45243300
2025-02-13,236.5997394445533,242.02262084431055,235.2614980047627,241.21368408203125,53614100
2025-02-14,240.93404435379279,245.22841586050225,240.67439035154717,244.2796630859375,40896200
2025-02-18,243.83025306858283,244.85890295305822,241.52328070167576,244.14984130859375,48822500
2025-02-19,244.33958470767533,245.68780753699892,242.84154918255663,244.54930114746094,32204200
2025-02-20,244.61922281669615,246.4568094488268,243.9700649298591,245.508056640625,32316900
2025-02-21,245.6278941258364,248.36431123309396,244.89885442060717,245.22842407226562,53197400
2025-02-24,244.609226181644,248.53408727873096,244.09989957647335,246.77639770507812,51326400
2025-02-25,247.67521063757022,249.67259136851834,244.58926106556868,246.71646118164062,48013300
2025-02-26,244.01001367840516,244.65915630674968,238.8168269352331,240.0452117919922,44433600
2025-02-27,239.09646458024955,242.14247324939222,236.74953612071198,236.98922729492188,41153600
2025-02-28,236.63967447024518,241.77294223985544,229.89851463379637,241.5232696533203,56833400
2025-03-03,241.47333193183624,243.71040379171194,235.80077808405883,237.71826171875,47184000
2025-03-04,237.39870037793833,239.75561031847352,234.3726544629493,235.6210174560547,53798100
2025-03-05,235.11168617953675,236.2402111793479,228.92979032203158,235.4312744140625,47227600
2025-03-06,234.13297099659667,237.54849020730907,232.8546485518437,235.0218048095703,45170400
2025-03-07,234.80209169163373,241.05388787370777,234.45254396930395,238.7569122314453,46273600
2025-03-10,235.23152514577004,235.85072354308846,223.92635798057333,227.1820831298828,72071200
2025-03-11,223.51689291637274,225.54423318142804,217.16522145004404,220.55078125,76137400
2025-03-12,219.85169651198805,221.4595886104368,214.6285501658544,216.69583129882812,62547500
2025-03-13,215.6671885752157,216.55602242060417,208.14705109128238,209.4053955078125,61368300
2025-03-14,210.97334672214788,213.66980775083542,209.30553558500114,213.21041870117188,60107600
2025-03-17,213.0306430192638,214.93814530685134,209.69502079955336,213.71974182128906,48073400
2025-03-18,213.87952928252258,214.8682229774316,211.21302787332291,212.4114532470703,42432400
2025-03-19,213.93944620866878,218.47349365471302,213.470060528986,214.95811462402344,54385400
2025-03-20,213.70975404736055,217.20517028159983,211.94206785632258,213.81961059570312,48862900
2025-03-21,211.2829271905112,218.5533916912833,211.0032951126973,217.98414611816406,94127800
2025-03-24,220.71056863168138,221.1899357355996,218.29373979930335,220.44091796875,44299500
2025-03-25,220.48087718007702,223.80651793975238,219.79177838679217,223.45697021484375,34493600
2025-03-26,223.21727075576553,224.7253029108424,220.18125884970436,221.2398681640625,34466100
2025-03-27,221.1000540446544,224.69534536875565,220.271139232742,223.5568389892578,37094800
2025-03-28,221.3796909591809,223.51688772665744,217.39491092445158,217.6146240234375,39818600
2025-03-31,216.72579102857173,225.32451569687797,215.9468137615173,221.83909606933594,65299300
2025-04-01,219.5221267668628,223.3870536043053,218.61331487709137,222.897705078125,36412700
2025-04-02,221.03016017035932,224.89508702876748,220.73055001137135,223.59678649902344,35905900
2025-04-03,205.27081771109022,207.2182761783418,200.9864426085102,202.9239044189453,103419000
2025-04-04,193.6360793511012,199.61824028069563,187.09465424061224,188.13330078125,125910900
2025-04-07,176.967935484531,193.89573468350994,174.39131242893686,181.2223663330078,160466300
2025-04-08,186.4554964395268,190.09072892121037,168.9884109270566,172.19419860839844,120859500
2025-04-09,171.72480450043201,200.3472738997123,171.6648855169899,198.58958435058594,184395900
2025-04-10,188.82240088513313,194.52491452460524,182.76034285398336,190.17062377929688,121880000
2025-04-11,185.856281088865,199.27866665425725,185.81632494094944,197.89048767089844,87435900
2025-04-14,211.1630921847052,212.6611277249045,200.8965565016436,202.25477600097656,101352900
2025-04-15,201.59564256833872,203.24347561495443,199.53834280484799,201.87527465820312,51343900
2025-04-16,198.10021911176236,200.4371508814261,192.11805840887246,194.0155792236328,59732400
2025-04-17,196.94174374665747,198.56961397436802,194.16538565496842,196.72203063964844,51334300
2025-04-21,193.01688474432112,193.54618940120912,189.56140949031536,192.9070281982422,46742500
2025-04-22,195.8631544964882,201.32599215129426,195.71335703344474,199.47842407226562,52976400
2025-04-23,205.7302222309065,207.7276030292648,202.5344160012944,204.33206176757812,52929200
2025-04-24,204.62166872266098,208.5565112075726,202.67422555441442,208.09710693359375,47311000
2025-04-25,206.0997277622984,209.47530610539675,205.92995222724628,209.00592041015625,38222300
2025-04-28,209.72497582911666,211.2230113707532,207.1883090170199,209.8647918701172,38743100
2025-04-29,208.41669143858087,211.96204522644123,208.09710321217068,210.9333953857422,36827600
2025-04-30,209.02590396975114,213.30029766677714,206.399343338795,212.22171020507812,52286500
2025-05-01,208.80618155790114,214.2790004444518,208.62640936955898,213.04063415527344,57365700
2025-05-02,205.82009105417706,206.71892151455646,201.89524528415058,205.08106994628906,101010600
2025-05-05,202.83402512431957,203.83271551835597,197.9504297070337,198.62953186035156,69018500
2025-05-06,197.9504203457911,200.38721199140494,196.7619763948813,198.25001525878906,51216500
2025-05-07,198.90915494694545,199.1788056079939,192.99690991055434,195.99298095703125,68536700
2025-05-08,197.46106353953903,199.78801395815432,194.42503624466005,197.2313690185547,50478900
2025-05-09,198.739389980464,200.2773664943336,197.28129528859796,198.27000427246094,36453900
2025-05-12,210.97000122070312,211.27000427246094,206.75,210.7899932861328,63775800
2025-05-13,210.42999267578125,213.39999389648438,209.0,212.92999267578125,51909300
2025-05-14,212.42999267578125,213.94000244140625,210.5800018310547,212.3300018310547,49325800
2025-05-15,210.9499969482422,212.9600067138672,209.5399932861328,211.4499969482422,45029500
2025-05-16,212.36000061035156,212.57000732421875,209.77000427246094,211.25999450683594,54737900
2025-05-19,207.91000366210938,209.47999572753906,204.25999450683594,208.77999877929688,46140500
2025-05-20,207.6699981689453,208.47000122070312,205.02999877929688,206.86000061035156,42496600
2025-05-21,205.1699981689453,207.0399932861328,200.7100067138672,202.08999633789062,59211800
2025-05-22,200.7100067138672,202.75,199.6999969482422,201.36000061035156,46742400
2025-05-23,193.6699981689453,197.6999969482422,193.4600067138672,195.27000427246094,78432900
2025-05-27,198.3000030517578,200.74000549316406,197.42999267578125,200.2100067138672,56288500
2025-05-28,200.58999633789062,202.72999572753906,199.89999389648438,200.4199981689453,45339700
2025-05-29,203.5800018310547,203.80999755859375,198.50999450683594,199.9499969482422,51396800
2025-05-30,199.3699951171875,201.9600067138672,196.77999877929688,200.85000610351562,70819900
2025-06-02,200.27999877929688,202.1300048828125,200.1199951171875,201.6999969482422,35423300
2025-06-03,201.35000610351562,203.77000427246094,200.9600067138672,203.27000427246094,46381600
2025-06-04,202.91000366210938,206.24000549316406,202.10000610351562,202.82000732421875,43604000
2025-06-05,203.5,204.75,200.14999389648438,200.6300048828125,55126100
2025-06-06,203.0,205.6999969482422,202.0500030517578,203.9199981689453,46607700
2025-06-09,204.38999938964844,206.0,200.02000427246094,201.4499969482422,72862600
2025-06-10,200.60000610351562,204.35000610351562,200.57000732421875,202.6699981689453,54672600
2025-06-11,203.5,204.5,198.41000366210938,198.77999877929688,60989900
2025-06-12,199.0800018310547,199.67999267578125,197.36000061035156,199.1999969482422,43904600
2025-06-13,199.72999572753906,200.3699951171875,195.6999969482422,196.4499969482422,51447300
2025-06-16,197.3000030517578,198.69000244140625,196.55999755859375,198.4199981689453,43020700
2025-06-17,197.1999969482422,198.38999938964844,195.2100067138672,195.63999938964844,38856200
2025-06-18,195.94000244140625,197.57000732421875,195.07000732421875,196.5800018310547,45394700
2025-06-20,198.24000549316406,201.6999969482422,196.86000061035156,201.0,96813500
2025-06-23,201.6300048828125,202.3000030517578,198.9600067138672,201.5,55814300
2025-06-24,202.58999633789062,203.44000244140625,200.1999969482422,200.3000030517578,54064000
2025-06-25,201.4499969482422,203.6699981689453,200.6199951171875,201.55999755859375,39525700
2025-06-26,201.42999267578125,202.63999938964844,199.4600067138672,201.0,50799100
2025-06-27,201.88999938964844,203.22000122070312,200.0,201.0800018310547,73188600
2025-06-30,202.00999450683594,207.38999938964844,199.25999450683594,205.1699981689453,91612700
