t,close,high,low,n,open,volume,vw,Signal,Portfolio
2022-01-03 05:00:00+00:00,182.01,182.88,177.71,772699,177.83,112486091,181.395005,,10000.0
2022-01-04 05:00:00+00:00,179.7,182.94,179.12,831898,182.64,106090378,180.596889,,10000.0
2022-01-05 05:00:00+00:00,174.92,180.17,174.64,848518,179.61,95142198,177.382297,HOLD,10000.0
2022-01-06 05:00:00+00:00,172.0,175.3,171.64,960344,172.7,103899632,173.031383,HOLD,10000.0
2022-01-07 05:00:00+00:00,172.17,174.14,171.03,715419,172.89,94554334,172.441994,HOLD,10000.0
2022-01-10 05:00:00+00:00,172.19,172.5,168.17,956342,169.08,117005143,170.377075,HOLD,10000.0
2022-01-11 05:00:00+00:00,175.08,175.18,170.82,649657,172.32,82100070,173.729019,HOLD,10000.0
2022-01-12 05:00:00+00:00,175.53,177.18,174.82,642760,176.12,79502421,175.828866,HOLD,10000.0
2022-01-13 05:00:00+00:00,172.19,176.62,171.79,692346,175.79,92057866,173.88312,HOLD,10000.0
2022-01-14 05:00:00+00:00,173.07,173.78,171.09,671723,171.34,87780214,172.42478,HOLD,10000.0
2022-01-18 05:00:00+00:00,169.8,172.54,169.405,780905,171.51,102183802,170.473157,HOLD,10000.0
2022-01-19 05:00:00+00:00,166.23,171.08,165.94,824027,170.0,101688620,168.242068,HOLD,10000.0
2022-01-20 05:00:00+00:00,164.51,169.68,164.18,795590,166.98,96630645,167.076081,HOLD,10000.0
2022-01-21 05:00:00+00:00,162.41,166.33,162.3,1076049,164.415,135494794,163.800338,HOLD,10000.0
2022-01-24 05:00:00+00:00,161.62,162.3,154.7,1632715,160.02,175317276,158.812862,HOLD,10000.0
2022-01-25 05:00:00+00:00,159.78,162.76,157.02,1008312,158.98,125389277,159.447431,HOLD,10000.0
2022-01-26 05:00:00+00:00,159.69,164.3894,157.82,1017760,163.5,116338085,161.322874,HOLD,10000.0
2022-01-27 05:00:00+00:00,159.22,163.84,158.28,1161009,162.45,127009128,160.793194,HOLD,10000.0
2022-01-28 05:00:00+00:00,170.33,170.35,162.8,1515438,165.71,189144340,167.502693,HOLD,10000.0
2022-01-31 05:00:00+00:00,174.78,175.0,169.51,933488,170.16,129780591,173.376573,HOLD,10000.0
2022-02-01 05:00:00+00:00,174.61,174.84,172.31,735253,174.01,93258667,173.700733,HOLD,10000.0
2022-02-02 05:00:00+00:00,175.84,175.88,173.33,676311,174.745,91306986,174.974152,HOLD,10000.0
2022-02-03 05:00:00+00:00,172.9,176.2399,172.12,724841,174.48,101382628,174.210369,HOLD,10000.0
2022-02-04 05:00:00+00:00,172.39,174.1,170.68,702279,171.68,88456689,172.356275,HOLD,10000.0
2022-02-07 05:00:00+00:00,171.66,173.9458,170.95,571413,172.86,83181695,172.42476,HOLD,10000.0
2022-02-08 05:00:00+00:00,174.83,175.35,171.43,634270,171.73,80979959,173.920662,HOLD,10000.0
2022-02-09 05:00:00+00:00,176.28,176.65,174.9,574000,176.05,78287149,175.843618,HOLD,10000.0
2022-02-10 05:00:00+00:00,172.12,175.48,171.55,761966,174.14,99694816,173.456248,HOLD,10000.0
2022-02-11 05:00:00+00:00,168.64,173.08,168.04,813527,172.33,106268657,170.167372,HOLD,10000.0
2022-02-14 05:00:00+00:00,168.88,169.58,166.56,757494,167.37,98885501,168.465589,HOLD,10000.0
2022-02-15 05:00:00+00:00,172.79,172.95,170.25,562857,170.97,71066887,171.738737,HOLD,10000.0
2022-02-16 05:00:00+00:00,172.55,173.34,170.05,543039,171.85,66147855,171.690439,HOLD,10000.0
2022-02-17 05:00:00+00:00,168.88,171.91,168.47,584120,171.03,78321659,169.998169,HOLD,10000.0
2022-02-18 05:00:00+00:00,167.3,170.5413,166.19,685816,169.82,92631965,167.861744,HOLD,10000.0
2022-02-22 05:00:00+00:00,164.32,166.69,162.15,897221,164.98,98811382,164.504099,HOLD,10000.0
2022-02-23 05:00:00+00:00,160.24,166.15,159.75,820316,165.54,98884474,162.031387,HOLD,10000.0
2022-02-24 05:00:00+00:00,162.51,162.85,152.0,1383832,152.58,155570846,158.351326,HOLD,10000.0
2022-02-25 05:00:00+00:00,164.85,165.12,160.8738,810830,163.84,97758401,163.834653,HOLD,10000.0
2022-02-28 05:00:00+00:00,165.12,165.42,162.43,791490,163.06,108908921,164.358295,HOLD,10000.0
2022-03-01 05:00:00+00:00,163.2,166.6,161.97,749658,164.695,90604732,164.104707,HOLD,10000.0
2022-03-02 05:00:00+00:00,166.56,167.36,162.95,668264,164.39,88692844,165.912587,HOLD,10000.0
2022-03-03 05:00:00+00:00,166.23,168.91,165.55,651766,168.47,82418843,166.903132,HOLD,10000.0
2022-03-04 05:00:00+00:00,163.17,165.55,162.1,742704,164.49,91169381,163.361005,HOLD,10000.0
2022-03-07 05:00:00+00:00,159.3,165.02,159.04,847060,163.36,107385155,161.243957,HOLD,10000.0
2022-03-08 05:00:00+00:00,157.44,162.88,155.8,1139156,158.82,140524583,158.714863,HOLD,10000.0
2022-03-09 05:00:00+00:00,162.95,163.41,159.41,733689,161.475,100505467,162.056181,HOLD,10000.0
2022-03-10 05:00:00+00:00,158.52,160.39,155.98,882864,160.2,114471979,158.023691,HOLD,10000.0
2022-03-11 05:00:00+00:00,154.73,159.28,154.5,877964,158.93,105127762,156.005897,BUY,10000.0
2022-03-14 04:00:00+00:00,150.62,154.12,150.1,969361,151.45,118311989,151.599708,BUY,9734.376009823565
2022-03-15 04:00:00+00:00,155.09,155.57,150.38,719960,150.9,104410428,153.651002,HOLD,10023.266334905968
2022-03-16 04:00:00+00:00,159.59,160.0,154.46,833070,157.05,112719986,157.815188,HOLD,10314.095521230533
2022-03-17 04:00:00+00:00,160.62,161.0,157.63,629006,158.61,85152570,159.556232,HOLD,10380.663090544822
2022-03-18 04:00:00+00:00,163.98,164.48,159.76,712906,160.51,159428842,162.649277,HOLD,10597.815549667162
2022-03-21 04:00:00+00:00,165.38,166.35,163.015,721127,163.51,105787821,164.768948,HOLD,10688.295740968138
2022-03-22 04:00:00+00:00,168.82,169.42,164.91,638945,165.51,89161727,168.283146,HOLD,10910.618496736251
2022-03-23 04:00:00+00:00,170.21,172.64,167.65,784483,167.99,106073373,170.75147,HOLD,11000.452400956507
2022-03-24 04:00:00+00:00,174.07,174.14,170.21,688104,171.06,97014668,172.383085,SELL,11249.91921411491
2022-03-25 04:00:00+00:00,174.72,175.28,172.75,662446,173.88,85692924,174.06026,HOLD,11249.91921411491
2022-03-28 04:00:00+00:00,175.6,175.73,172.0,716110,172.17,97532618,174.453714,HOLD,11249.91921411491
2022-03-29 04:00:00+00:00,178.96,179.01,176.34,775948,176.69,109295753,177.910355,HOLD,11249.91921411491
2022-03-30 04:00:00+00:00,177.77,179.61,176.7,695867,178.55,100735340,178.11428,HOLD,11249.91921411491
2022-03-31 04:00:00+00:00,174.61,178.03,174.4,716274,177.84,120024146,175.739028,HOLD,11249.91921411491
2022-04-01 04:00:00+00:00,174.31,174.88,171.94,660449,174.03,85355694,173.430856,HOLD,11249.91921411491
2022-04-04 04:00:00+00:00,178.44,178.49,174.44,630376,174.57,82875862,177.539611,HOLD,11249.91921411491
2022-04-05 04:00:00+00:00,175.06,178.3,174.415,621543,177.5,79568643,175.935269,HOLD,11249.91921411491
2022-04-06 04:00:00+00:00,171.83,173.63,170.13,769486,172.36,90320928,171.7809,HOLD,11249.91921411491
2022-04-07 04:00:00+00:00,172.14,173.36,169.85,628353,171.16,78193123,171.774281,HOLD,11249.91921411491
2022-04-08 04:00:00+00:00,170.09,171.78,169.2,613778,171.78,82763655,170.479905,HOLD,11249.91921411491
2022-04-11 04:00:00+00:00,165.75,169.03,165.5,677211,168.71,73137070,166.706697,HOLD,11249.91921411491
2022-04-12 04:00:00+00:00,167.66,169.87,166.64,678463,168.02,83662778,168.098686,HOLD,11249.91921411491
2022-04-13 04:00:00+00:00,170.4,171.04,166.77,558074,167.39,76146104,169.73597,HOLD,11249.91921411491
2022-04-14 04:00:00+00:00,165.29,171.27,165.04,596851,170.62,84603285,167.188756,HOLD,11249.91921411491
2022-04-18 04:00:00+00:00,165.07,166.5984,163.57,576793,163.92,74493604,164.919124,HOLD,11249.91921411491
2022-04-19 04:00:00+00:00,167.4,167.82,163.91,548308,165.02,75240221,166.621859,HOLD,11249.91921411491
2022-04-20 04:00:00+00:00,167.23,168.88,166.1,595065,168.76,73954306,167.334157,HOLD,11249.91921411491
2022-04-21 04:00:00+00:00,166.42,171.53,165.91,752019,168.91,93153701,168.70561,HOLD,11249.91921411491
2022-04-22 04:00:00+00:00,161.79,167.8699,161.5,726743,166.46,93535037,164.004905,HOLD,11249.91921411491
2022-04-25 04:00:00+00:00,162.88,163.17,158.46,925127,161.12,103208936,160.828588,HOLD,11249.91921411491
2022-04-26 04:00:00+00:00,156.8,162.34,156.72,899968,162.25,103931474,158.487464,BUY,11249.91921411491
2022-04-27 04:00:00+00:00,156.57,159.79,155.38,777862,155.91,93914037,157.404649,HOLD,11233.417419349307
2022-04-28 04:00:00+00:00,163.64,164.515,158.93,1126024,159.25,137705209,162.138666,HOLD,11740.668241057167
2022-04-29 04:00:00+00:00,157.65,166.2,157.25,1028956,161.84,145654913,160.490163,HOLD,11310.904107813874
2022-05-02 04:00:00+00:00,157.96,158.23,153.27,1154674,156.71,131337354,156.131749,HOLD,11333.145657280556
2022-05-03 04:00:00+00:00,159.48,160.71,156.32,706628,158.15,93684416,158.822797,HOLD,11442.200996601057
2022-05-04 04:00:00+00:00,166.02,166.48,159.26,873684,159.67,114719225,162.681658,HOLD,11911.42594341427
2022-05-05 04:00:00+00:00,156.77,164.08,154.95,1164750,163.85,142675572,158.002951,HOLD,11247.766806102007
2022-05-06 04:00:00+00:00,157.28,159.44,154.18,1021039,156.01,123877861,157.329567,HOLD,11284.357742321385
2022-05-09 04:00:00+00:00,152.06,155.83,151.49,1103708,154.925,132603947,153.028997,BUY,10909.838748075977
2022-05-10 04:00:00+00:00,154.51,156.74,152.93,988259,155.52,124055409,154.920039,HOLD,11085.618735796521
2022-05-11 04:00:00+00:00,146.5,155.45,145.81,1310801,153.5,151719835,149.241372,BUY,10510.925796350984
2022-05-12 04:00:00+00:00,142.56,146.2,138.8,1678459,142.77,192047663,142.048448,BUY,10228.242877322842
2022-05-13 04:00:00+00:00,147.11,148.105,143.11,917656,144.59,114797304,146.327161,HOLD,10554.691425946712
2022-05-16 04:00:00+00:00,145.54,147.5199,144.18,699722,145.55,91824708,145.767442,HOLD,10442.048739938034
2022-05-17 04:00:00+00:00,149.24,149.77,146.68,609265,148.86,79304491,148.4337,HOLD,10707.51239486294
2022-05-18 04:00:00+00:00,140.82,147.3601,139.9,982291,146.85,121266806,142.514652,HOLD,10103.403212574372
2022-05-19 04:00:00+00:00,137.35,141.66,136.6,1219749,139.88,142802096,138.61701,BUY,9854.44135241507
2022-05-20 04:00:00+00:00,137.59,140.7,132.61,1130085,139.09,147016057,136.460687,HOLD,9871.660616518308
2022-05-23 04:00:00+00:00,143.11,143.26,137.65,851034,137.79,125077087,141.529314,HOLD,10267.70369089276
2022-05-24 04:00:00+00:00,140.36,141.97,137.33,812518,140.805,109813351,139.446543,HOLD,10070.39962304317
2022-05-25 04:00:00+00:00,140.52,141.785,138.34,688318,138.43,99358798,140.115484,HOLD,10081.879132445327
2022-05-26 04:00:00+00:00,143.78,144.34,137.14,670655,137.39,99878236,142.551195,HOLD,10315.774136514297
2022-05-27 04:00:00+00:00,149.64,149.68,145.26,682907,145.39,100950098,148.383244,HOLD,10736.211168368334
2022-05-31 04:00:00+00:00,148.84,150.66,146.84,706655,149.07,121269886,149.068781,HOLD,10678.813621357545
2022-06-01 04:00:00+00:00,148.71,151.74,147.68,629253,149.9,78943522,149.35566,HOLD,10669.486519968294
2022-06-02 04:00:00+00:00,151.21,151.27,146.86,574554,147.83,78517901,149.674572,HOLD,10848.853854377012
2022-06-03 04:00:00+00:00,145.38,147.97,144.46,758694,146.9,94319460,145.711137,HOLD,10430.569230535877
2022-06-06 04:00:00+00:00,146.14,148.5689,144.9,605201,147.03,74857319,146.601097,HOLD,10485.096900196128
2022-06-07 04:00:00+00:00,148.71,149.0,144.1,527362,144.345,73477251,147.680455,HOLD,10669.486519968294
2022-06-08 04:00:00+00:00,147.96,149.8697,147.46,430177,148.58,58484475,148.580051,HOLD,10615.676319645678
2022-06-09 04:00:00+00:00,142.64,147.95,142.53,558180,147.08,75612751,145.136289,HOLD,10233.982632023919
2022-06-10 04:00:00+00:00,137.13,140.76,137.06,822114,140.28,101534275,138.025088,HOLD,9838.6570269871
2022-06-13 04:00:00+00:00,131.88,135.2,131.44,1019934,132.87,135261516,133.021275,BUY,9461.98562472879
2022-06-14 04:00:00+00:00,132.76,133.89,131.48,674983,133.13,92179405,132.576122,HOLD,9525.12292644066
2022-06-15 04:00:00+00:00,135.43,137.34,132.16,733277,134.29,101304819,134.708482,HOLD,9716.687239589173
2022-06-16 04:00:00+00:00,130.06,132.39,129.04,909224,132.08,120184627,130.415733,HOLD,9331.406205279241
2022-06-17 04:00:00+00:00,131.56,133.079,129.81,742332,130.065,168771047,131.339118,HOLD,9439.026605924475
2022-06-21 04:00:00+00:00,135.87,137.06,133.32,604549,133.42,91630121,135.899445,HOLD,9748.255890445107
2022-06-22 04:00:00+00:00,135.35,137.76,133.91,530528,134.79,80880070,135.842923,HOLD,9710.947484888093
2022-06-23 04:00:00+00:00,138.27,138.59,135.63,554900,136.82,77932990,137.322917,HOLD,9920.44853147748
2022-06-24 04:00:00+00:00,141.66,141.91,139.77,539341,139.9,110368722,141.014247,HOLD,10163.670636935702
2022-06-27 04:00:00+00:00,141.66,143.49,140.965,516177,142.695,77728499,142.030557,HOLD,10163.670636935702
2022-06-28 04:00:00+00:00,137.44,143.422,137.325,546242,142.13,76133876,139.13926,HOLD,9860.898576453783
2022-06-29 04:00:00+00:00,139.23,140.67,136.67,572555,137.46,71179247,139.280122,HOLD,9989.325587890426
2022-06-30 04:00:00+00:00,136.72,138.37,133.7737,710708,137.25,114697715,136.509262,HOLD,9809.240784144073
2022-07-01 04:00:00+00:00,138.93,139.04,135.66,557437,136.04,77594243,137.606168,HOLD,9967.80150776138
2022-07-05 04:00:00+00:00,141.56,141.61,136.93,601962,137.77,79904746,139.849325,HOLD,10156.495943559354
2022-07-06 04:00:00+00:00,142.92,144.12,141.08,585626,141.355,78938366,142.59559,HOLD,10254.071773477695
2022-07-07 04:00:00+00:00,146.35,146.55,143.28,539963,143.29,72731949,145.73721,HOLD,10500.16375628646
2022-07-08 04:00:00+00:00,147.04,147.55,145.0,518941,145.265,68264699,146.677205,HOLD,10549.669140583266
2022-07-11 04:00:00+00:00,144.87,146.64,143.78,496269,145.67,69704810,145.134613,HOLD,10393.9782943165
2022-07-12 04:00:00+00:00,145.86,148.45,145.05,579533,145.76,84620032,146.716196,HOLD,10465.007758742353
2022-07-13 04:00:00+00:00,145.49,146.45,142.1201,559359,142.99,77731553,145.232912,HOLD,10438.461393249861
2022-07-14 04:00:00+00:00,148.47,148.95,143.25,614953,144.08,83018114,146.704837,HOLD,10652.267255865056
2022-07-15 04:00:00+00:00,150.17,150.86,148.2,548571,149.78,86944893,149.589049,HOLD,10774.237043262983
2022-07-18 04:00:00+00:00,147.07,151.57,146.7,620452,150.74,87239346,148.960362,HOLD,10551.821548596172
2022-07-19 04:00:00+00:00,151.0,151.23,146.91,576472,147.92,93332247,149.900387,HOLD,10833.78699828668
2022-07-20 04:00:00+00:00,153.04,153.72,150.37,523493,151.12,70872515,152.663855,HOLD,10980.150743164195
2022-07-21 04:00:00+00:00,155.35,155.57,151.94,522806,154.5,70606217,154.438372,SELL,11145.886160157852
2022-07-22 04:00:00+00:00,154.09,156.28,153.41,526060,155.39,72318038,154.572629,HOLD,11145.886160157852
2022-07-25 04:00:00+00:00,152.95,155.04,152.28,487394,154.01,57738116,153.267556,HOLD,11145.886160157852
2022-07-26 04:00:00+00:00,151.6,153.085,150.8,472004,152.265,60764637,151.66439,HOLD,11145.886160157852
2022-07-27 04:00:00+00:00,156.79,157.33,152.16,579183,152.58,89223566,155.479087,HOLD,11145.886160157852
2022-07-28 04:00:00+00:00,157.35,157.64,154.41,738633,156.98,86806681,156.698958,HOLD,11145.886160157852
2022-07-29 04:00:00+00:00,162.51,163.63,159.5,771584,161.24,114785404,162.316353,SELL,11145.886160157852
2022-08-01 04:00:00+00:00,161.51,163.59,160.89,594293,161.01,73670876,162.101278,HOLD,11145.886160157852
2022-08-02 04:00:00+00:00,160.01,162.41,159.63,543551,160.1,63962594,160.670591,HOLD,11145.886160157852
2022-08-03 04:00:00+00:00,166.13,166.59,160.75,682784,160.84,90300252,165.051058,SELL,11145.886160157852
2022-08-04 04:00:00+00:00,165.81,167.19,164.43,525014,166.005,59549979,165.604192,HOLD,11145.886160157852
2022-08-05 04:00:00+00:00,165.35,165.85,163.0,489965,163.21,61905528,164.791973,HOLD,11145.886160157852
2022-08-08 04:00:00+00:00,164.87,167.81,164.2,540019,166.37,63810659,165.848161,HOLD,11145.886160157852
2022-08-09 04:00:00+00:00,164.92,165.82,163.25,480556,164.02,70056143,164.847702,HOLD,11145.886160157852
2022-08-10 04:00:00+00:00,169.24,169.34,166.9,559791,167.68,77906820,168.452001,HOLD,11145.886160157852
2022-08-11 04:00:00+00:00,168.49,170.99,168.19,507917,170.06,61943923,169.351499,HOLD,11145.886160157852
2022-08-12 04:00:00+00:00,172.1,172.17,169.4,555307,169.82,75555239,171.188405,HOLD,11145.886160157852
2022-08-15 04:00:00+00:00,173.19,173.39,171.345,501627,171.52,58741635,172.668301,HOLD,11145.886160157852
2022-08-16 04:00:00+00:00,173.03,173.71,171.6618,515136,172.78,60575237,172.732297,HOLD,11145.886160157852
2022-08-17 04:00:00+00:00,174.55,176.15,172.57,686579,172.77,84217231,174.345089,HOLD,11145.886160157852
2022-08-18 04:00:00+00:00,174.15,174.9,173.12,545657,173.75,66756106,174.138349,HOLD,11145.886160157852
2022-08-19 04:00:00+00:00,171.52,173.74,171.3101,570365,173.03,79638699,172.224698,HOLD,11145.886160157852
2022-08-22 04:00:00+00:00,167.57,169.86,167.135,620803,169.69,76355924,168.231697,HOLD,11145.886160157852
2022-08-23 04:00:00+00:00,167.23,168.71,166.65,494688,167.08,58090092,167.603582,HOLD,11145.886160157852
2022-08-24 04:00:00+00:00,167.53,168.11,166.245,476972,167.32,58542963,167.314592,HOLD,11145.886160157852
2022-08-25 04:00:00+00:00,170.03,170.14,168.35,465400,168.78,56573006,169.416575,HOLD,11145.886160157852
2022-08-26 04:00:00+00:00,163.62,171.05,163.56,717946,170.57,90147274,165.692266,HOLD,11145.886160157852
2022-08-29 04:00:00+00:00,161.38,162.9,159.82,640595,161.145,78255530,161.519924,HOLD,11145.886160157852
2022-08-30 04:00:00+00:00,158.91,162.56,157.72,644674,162.13,82758508,159.274595,BUY,11145.886160157852
2022-08-31 04:00:00+00:00,157.22,160.58,157.14,606829,160.305,104165447,158.30072,BUY,11027.350211440547
2022-09-01 04:00:00+00:00,157.96,158.42,154.67,654669,156.64,79346064,156.592275,HOLD,11079.25352626351
2022-09-02 04:00:00+00:00,155.81,160.362,154.965,644431,159.75,83452944,157.552561,HOLD,10928.453354818419
2022-09-06 04:00:00+00:00,154.53,157.09,153.69,687438,156.47,78705759,154.989143,HOLD,10838.67464809762
2022-09-07 04:00:00+00:00,155.96,156.67,153.61,696957,154.825,94015457,155.348091,HOLD,10938.974297012262
2022-09-08 04:00:00+00:00,154.46,156.36,152.68,697267,154.64,91449721,154.390061,HOLD,10833.764875073828
2022-09-09 04:00:00+00:00,157.37,157.82,154.75,531339,155.47,74228109,156.706907,HOLD,11037.871153634393
2022-09-12 04:00:00+00:00,163.43,164.26,159.3,801514,159.59,112676884,162.50199,HOLD,11462.917218265671
2022-09-13 04:00:00+00:00,153.84,160.54,153.37,1018113,159.9,135428401,155.859627,HOLD,10790.27831400594
2022-09-14 04:00:00+00:00,155.31,157.1,153.6106,716068,154.785,95004894,155.264624,HOLD,10893.383547505608
2022-09-15 04:00:00+00:00,152.37,155.24,151.38,741145,154.65,97514431,152.97942,HOLD,10687.173080506274
2022-09-16 04:00:00+00:00,150.7,151.35,148.37,848159,151.21,218997344,150.400101,HOLD,10570.03992408148
2022-09-19 04:00:00+00:00,154.48,154.56,149.1,671958,149.31,87533890,152.616126,HOLD,10835.167667366339
2022-09-20 04:00:00+00:00,156.9,158.08,153.08,792173,153.4,113203270,156.164792,HOLD,11004.90553476035
2022-09-21 04:00:00+00:00,153.72,158.74,153.6,785026,157.34,107498655,156.237145,HOLD,10781.861560250865
2022-09-22 04:00:00+00:00,152.74,154.47,150.91,686881,152.38,92021722,152.560537,HOLD,10713.124737917755
2022-09-23 04:00:00+00:00,150.43,151.47,148.56,764986,151.19,101813197,150.041362,HOLD,10551.102228132564
2022-09-26 04:00:00+00:00,150.77,153.7701,149.64,747669,149.66,100616414,151.487416,HOLD,10574.949697105276
2022-09-27 04:00:00+00:00,151.76,154.72,149.945,683779,152.74,91032702,152.095874,HOLD,10644.387915584643
2022-09-28 04:00:00+00:00,149.84,150.6414,144.84,1142720,147.64,155823686,147.7096,HOLD,10509.719855503447
2022-09-29 04:00:00+00:00,142.48,146.72,140.68,1067283,146.1,137415955,142.812294,BUY,9993.492291858855
2022-09-30 04:00:00+00:00,138.2,143.1,138.0,941473,141.28,141390692,140.134941,BUY,9693.294741261187
2022-10-03 04:00:00+00:00,142.45,143.07,137.685,838788,138.21,124534891,141.273689,HOLD,9991.388103420086
2022-10-04 04:00:00+00:00,146.1,146.22,144.26,687507,145.03,96785630,145.534712,HOLD,10247.397696803613
2022-10-05 04:00:00+00:00,146.4,147.38,143.01,605865,144.075,83933253,145.301313,HOLD,10268.4395811913
2022-10-06 04:00:00+00:00,145.43,147.54,145.22,538674,145.81,72586982,146.031211,HOLD,10200.404155004446
2022-10-07 04:00:00+00:00,140.09,143.1,139.445,664196,142.54,95901316,140.689652,HOLD,9825.858612903616
2022-10-10 04:00:00+00:00,140.42,141.89,138.5729,620865,140.42,80719147,140.216879,HOLD,9849.00468573007
2022-10-11 04:00:00+00:00,138.98,141.35,138.22,608886,139.9,82627051,139.509074,HOLD,9748.003640669172
2022-10-12 04:00:00+00:00,138.34,140.36,138.16,553189,139.13,76229576,139.041704,HOLD,9703.114287308774
2022-10-13 04:00:00+00:00,142.99,143.59,134.37,874141,134.99,121491577,140.063712,HOLD,10029.263495317924
2022-10-14 04:00:00+00:00,138.38,144.52,138.19,686282,144.31,97254054,139.802051,HOLD,9705.919871893799
2022-10-17 04:00:00+00:00,142.41,142.9,140.27,634586,141.065,94281241,141.984497,HOLD,9988.582518835061
2022-10-18 04:00:00+00:00,143.75,146.7,140.61,785419,145.49,103909236,144.045788,HOLD,10082.569602433397
2022-10-19 04:00:00+00:00,143.86,144.9492,141.5,511351,141.69,66281889,143.466866,HOLD,10090.284960042218
2022-10-20 04:00:00+00:00,143.39,145.89,142.65,517762,143.02,70436249,144.156597,HOLD,10057.319341168171
2022-10-21 04:00:00+00:00,147.27,147.8479,142.649,619853,142.87,97497286,145.537116,HOLD,10329.461045915594
2022-10-24 04:00:00+00:00,149.45,150.23,146.0,653022,147.185,82543225,148.469242,HOLD,10482.365405799452
2022-10-25 04:00:00+00:00,152.34,152.49,149.36,581424,150.09,82217447,151.551227,SELL,10685.068892067506
2022-10-26 04:00:00+00:00,149.35,151.99,148.04,694798,150.96,96231685,149.973366,HOLD,10685.068892067506
2022-10-27 04:00:00+00:00,144.8,149.046,144.13,944056,148.07,116248070,145.749545,HOLD,10685.068892067506
2022-10-28 04:00:00+00:00,155.74,157.5,147.82,1225718,148.2,174641131,154.747206,SELL,10685.068892067506
2022-10-31 04:00:00+00:00,153.34,154.24,151.92,726847,153.155,110376310,153.269337,HOLD,10685.068892067506
2022-11-01 04:00:00+00:00,150.65,155.45,149.13,650597,155.08,85451780,150.961078,HOLD,10685.068892067506
2022-11-02 04:00:00+00:00,145.03,152.17,145.0,788402,148.945,101743648,148.026896,HOLD,10685.068892067506
2022-11-03 04:00:00+00:00,138.88,142.8,138.75,871803,142.06,105214797,140.055413,HOLD,10685.068892067506
2022-11-04 04:00:00+00:00,138.38,142.67,134.38,1159117,142.09,149550241,137.371071,HOLD,10685.068892067506
2022-11-07 05:00:00+00:00,138.92,139.145,135.671,715008,137.11,89935797,137.597386,HOLD,10685.068892067506
2022-11-08 05:00:00+00:00,139.5,141.43,137.49,637314,140.41,97268373,139.598643,HOLD,10685.068892067506
2022-11-09 05:00:00+00:00,134.87,138.55,134.5933,633364,138.5,84442456,135.871053,HOLD,10685.068892067506
2022-11-10 05:00:00+00:00,146.87,146.87,139.5,875050,141.24,136303919,144.604643,HOLD,10685.068892067506
2022-11-11 05:00:00+00:00,149.7,150.01,144.37,740560,145.82,103060509,148.312448,HOLD,10685.068892067506
2022-11-14 05:00:00+00:00,148.28,150.28,147.43,576291,148.97,80885473,148.697425,HOLD,10685.068892067506
2022-11-15 05:00:00+00:00,150.04,153.59,148.5613,703671,152.215,96306279,151.211711,HOLD,10685.068892067506
2022-11-16 05:00:00+00:00,148.79,149.87,147.29,472251,149.13,71463063,148.656205,HOLD,10685.068892067506
2022-11-17 05:00:00+00:00,150.72,151.48,146.15,563722,146.43,86649104,149.715411,HOLD,10685.068892067506
2022-11-18 05:00:00+00:00,151.29,152.7,149.97,513080,152.305,84106843,151.238278,HOLD,10685.068892067506
2022-11-21 05:00:00+00:00,148.01,150.37,147.715,504781,150.16,64466896,148.45546,HOLD,10685.068892067506
2022-11-22 05:00:00+00:00,150.18,150.42,146.925,405189,148.13,58685320,149.307632,HOLD,10685.068892067506
2022-11-23 05:00:00+00:00,151.07,151.83,149.34,444427,149.45,62774756,150.826223,HOLD,10685.068892067506
2022-11-25 05:00:00+00:00,148.11,148.88,147.12,319573,148.305,38776713,148.124425,HOLD,10685.068892067506
2022-11-28 05:00:00+00:00,144.22,146.64,143.38,614361,145.14,78281391,144.720128,HOLD,10685.068892067506
2022-11-29 05:00:00+00:00,141.17,144.81,140.355,713286,144.29,89801206,141.984894,HOLD,10685.068892067506
2022-11-30 05:00:00+00:00,148.03,148.72,140.55,707655,141.395,131183862,145.43512,HOLD,10685.068892067506
2022-12-01 05:00:00+00:00,148.31,149.13,146.61,525991,148.21,78588359,148.087728,HOLD,10685.068892067506
2022-12-02 05:00:00+00:00,147.81,148.0,145.65,463525,145.96,75015411,146.982128,HOLD,10685.068892067506
2022-12-05 05:00:00+00:00,146.63,150.9199,145.77,586796,147.77,74981324,147.586644,HOLD,10685.068892067506
2022-12-06 05:00:00+00:00,142.91,147.3,141.92,537311,147.075,72151911,143.710309,HOLD,10685.068892067506
2022-12-07 05:00:00+00:00,140.94,143.37,140.0,565399,142.19,77308359,141.146902,HOLD,10685.068892067506
2022-12-08 05:00:00+00:00,142.65,143.52,141.1,456124,142.36,68832111,142.530981,HOLD,10685.068892067506
2022-12-09 05:00:00+00:00,142.16,145.57,140.9,529039,142.34,84840144,143.191277,HOLD,10685.068892067506
2022-12-12 05:00:00+00:00,144.49,144.5,141.06,492716,142.7,78289096,143.146879,HOLD,10685.068892067506
2022-12-13 05:00:00+00:00,145.47,149.9692,144.24,706528,149.5,102204603,146.505145,HOLD,10685.068892067506
2022-12-14 05:00:00+00:00,143.21,146.655,141.16,597873,145.35,89974435,144.135743,HOLD,10685.068892067506
2022-12-15 05:00:00+00:00,136.5,141.8,136.025,879350,141.11,110421981,137.524749,BUY,10685.068892067506
2022-12-16 05:00:00+00:00,134.51,137.65,133.73,818493,136.685,220048084,134.982902,BUY,10529.293895032968
2022-12-19 05:00:00+00:00,132.37,135.2,131.32,705822,135.11,87427188,132.459651,BUY,10361.777064051104
2022-12-20 05:00:00+00:00,132.3,133.25,129.89,640697,131.39,83636668,131.866586,HOLD,10356.297541542352
2022-12-21 05:00:00+00:00,135.45,136.81,132.75,588686,132.98,95563192,135.312159,HOLD,10602.876054436216
2022-12-22 05:00:00+00:00,132.23,134.56,130.3,643298,134.352,86659361,131.91302,HOLD,10350.818019033599
2022-12-23 05:00:00+00:00,131.86,132.415,129.64,539021,130.92,67631560,131.173262,HOLD,10321.854828630194
2022-12-27 05:00:00+00:00,130.03,131.41,128.72,608333,131.38,74304546,129.943021,HOLD,10178.604454472805
2022-12-28 05:00:00+00:00,126.04,131.0275,125.87,762248,129.67,90551969,127.542061,HOLD,9866.271671473909
2022-12-29 05:00:00+00:00,129.61,130.4814,127.73,598208,127.99,81821550,129.519613,HOLD,10145.72731942029
2022-12-30 05:00:00+00:00,129.93,129.95,127.43,591156,128.41,85865255,128.915506,HOLD,10170.776565174587
2023-01-03 05:00:00+00:00,125.07,130.9,124.17,1021067,130.28,124289279,125.660032,HOLD,9790.341145281192
2023-01-04 05:00:00+00:00,126.36,128.6557,125.08,770045,126.89,95426133,126.643011,HOLD,9891.320917228206
2023-01-05 05:00:00+00:00,125.02,127.77,124.76,665463,127.13,88344592,126.006961,HOLD,9786.427200632084
2023-01-06 05:00:00+00:00,129.62,130.29,124.89,709888,126.01,96468673,128.362627,HOLD,10146.51010835011
2023-01-09 05:00:00+00:00,130.15,133.41,129.89,645367,130.465,76653608,131.545593,HOLD,10187.997921630666
2023-01-10 05:00:00+00:00,130.73,131.2636,128.12,554942,130.26,68415086,129.870967,HOLD,10233.399679560329
2023-01-11 05:00:00+00:00,133.49,133.51,130.46,561280,131.25,77043246,132.422077,HOLD,10449.449424191145
2023-01-12 05:00:00+00:00,133.41,134.26,131.44,635333,133.88,77698366,133.178793,HOLD,10443.18711275257
2023-01-13 05:00:00+00:00,134.76,134.92,131.66,535781,132.03,63045132,133.76503,HOLD,10548.863618278512
2023-01-17 05:00:00+00:00,135.94,137.29,134.13,595834,134.83,69852271,135.764039,HOLD,10641.232711997485
2023-01-18 05:00:00+00:00,135.21,138.61,135.03,578306,136.815,76916867,136.262015,HOLD,10584.089120120494
2023-01-19 05:00:00+00:00,135.27,136.25,133.77,491676,134.08,64511998,134.998543,HOLD,10588.785853699426
2023-01-20 05:00:00+00:00,137.87,138.02,134.22,549630,135.28,95933363,136.459561,HOLD,10792.310975453092
2023-01-23 05:00:00+00:00,141.11,143.315,137.9,719290,138.12,87527661,141.227955,SELL,11045.934588715354
2023-01-24 05:00:00+00:00,142.53,143.16,140.3,498681,140.305,70642466,142.124333,SELL,11045.934588715354
2023-01-25 05:00:00+00:00,141.86,142.43,138.81,536507,140.89,70336488,140.779785,HOLD,11045.934588715354
2023-01-26 05:00:00+00:00,143.96,144.25,141.9,472137,143.17,59721341,143.395796,HOLD,11045.934588715354
2023-01-27 05:00:00+00:00,145.93,147.23,143.08,558426,143.155,77521002,145.832562,HOLD,11045.934588715354
2023-01-30 05:00:00+00:00,143.0,145.55,142.85,551112,144.955,69935435,143.608922,HOLD,11045.934588715354
2023-01-31 05:00:00+00:00,144.29,144.34,142.28,468172,142.7,81087730,143.76925,HOLD,11045.934588715354
2023-02-01 05:00:00+00:00,145.43,146.61,141.32,693377,143.97,84602426,143.961791,HOLD,11045.934588715354
2023-02-02 05:00:00+00:00,150.82,151.18,148.17,996204,148.9,119288199,149.750531,HOLD,11045.934588715354
2023-02-03 05:00:00+00:00,154.5,157.38,147.83,1138935,148.03,166049247,154.392541,SELL,11045.934588715354
2023-02-06 05:00:00+00:00,151.73,153.1,150.78,583521,152.575,75590203,152.006703,HOLD,11045.934588715354
2023-02-07 05:00:00+00:00,154.65,155.23,150.64,661769,150.64,94067819,153.633427,HOLD,11045.934588715354
2023-02-08 05:00:00+00:00,151.92,154.58,151.168,524143,153.88,72643990,152.316766,HOLD,11045.934588715354
2023-02-09 05:00:00+00:00,150.87,154.33,150.42,471977,153.775,61868739,152.184661,HOLD,11045.934588715354
2023-02-10 05:00:00+00:00,151.01,151.3401,149.22,442055,149.46,62500180,150.463505,HOLD,11045.934588715354
2023-02-13 05:00:00+00:00,153.85,154.26,150.92,506670,150.952,70149328,153.291138,HOLD,11045.934588715354
2023-02-14 05:00:00+00:00,153.2,153.77,150.86,528569,152.12,68556962,152.606935,HOLD,11045.934588715354
2023-02-15 05:00:00+00:00,155.33,155.5,152.88,520577,153.11,70612239,154.572898,HOLD,11045.934588715354
2023-02-16 05:00:00+00:00,153.71,156.33,153.3475,516189,153.51,74955617,154.701103,HOLD,11045.934588715354
2023-02-17 05:00:00+00:00,152.55,153.0,150.85,467050,152.35,66293371,152.104468,HOLD,11045.934588715354
2023-02-21 05:00:00+00:00,148.48,151.3,148.405,509345,150.2,68102432,149.276547,HOLD,11045.934588715354
2023-02-22 05:00:00+00:00,148.91,149.95,147.16,429778,148.87,57571342,148.586152,HOLD,11045.934588715354
2023-02-23 05:00:00+00:00,149.4,150.34,147.24,425163,150.09,53439807,148.913715,HOLD,11045.934588715354
2023-02-24 05:00:00+00:00,146.71,147.19,145.7202,470884,147.11,62617932,146.410703,HOLD,11045.934588715354
2023-02-27 05:00:00+00:00,147.92,149.17,147.45,418071,147.71,50247854,148.123416,HOLD,11045.934588715354
2023-02-28 05:00:00+00:00,147.41,149.08,146.83,383781,147.05,61519861,147.726764,HOLD,11045.934588715354
2023-03-01 05:00:00+00:00,145.31,147.2285,145.01,461615,146.83,62350999,145.806128,HOLD,11045.934588715354
2023-03-02 05:00:00+00:00,145.91,146.71,143.9,413240,144.38,60242324,145.28641,HOLD,11045.934588715354
2023-03-03 05:00:00+00:00,151.03,151.11,147.33,556613,148.045,79744478,150.149082,HOLD,11045.934588715354
2023-03-06 05:00:00+00:00,153.83,156.3,153.46,691992,153.785,93957314,154.654718,HOLD,11045.934588715354
2023-03-07 05:00:00+00:00,151.6,154.0299,151.13,496634,153.7,61332251,152.218798,HOLD,11045.934588715354
2023-03-08 05:00:00+00:00,152.87,153.47,151.83,405205,152.81,51205963,152.719809,HOLD,11045.934588715354
2023-03-09 05:00:00+00:00,150.59,154.535,150.225,480912,153.559,59821351,152.295553,HOLD,11045.934588715354
2023-03-10 05:00:00+00:00,148.5,150.94,147.6096,609814,150.21,75469048,149.006538,HOLD,11045.934588715354
2023-03-13 04:00:00+00:00,150.47,153.14,147.7,760662,147.805,90585023,151.177098,HOLD,11045.934588715354
2023-03-14 04:00:00+00:00,152.59,153.4,150.1,565199,151.28,84532172,152.165261,HOLD,11045.934588715354
2023-03-15 04:00:00+00:00,152.99,153.245,149.92,703118,151.19,85708822,151.859646,HOLD,11045.934588715354
2023-03-16 04:00:00+00:00,155.85,156.46,151.64,676100,152.16,84454434,154.909001,HOLD,11045.934588715354
2023-03-17 04:00:00+00:00,155.0,156.74,154.28,614285,156.08,131114857,155.405289,HOLD,11045.934588715354
2023-03-20 04:00:00+00:00,157.4,157.82,154.15,628987,155.07,85439528,156.729739,SELL,11045.934588715354
2023-03-21 04:00:00+00:00,159.28,159.4,156.54,590984,157.32,87819428,158.509861,SELL,11045.934588715354
2023-03-22 04:00:00+00:00,157.83,162.14,157.81,656869,159.3,80427254,159.72994,HOLD,11045.934588715354
2023-03-23 04:00:00+00:00,158.93,161.5501,157.68,614271,158.83,75089334,159.485733,HOLD,11045.934588715354
2023-03-24 04:00:00+00:00,160.25,160.34,157.85,516245,158.86,65530530,159.33047,HOLD,11045.934588715354
2023-03-27 04:00:00+00:00,158.28,160.77,157.87,518438,159.94,58214330,158.986546,HOLD,11045.934588715354
2023-03-28 04:00:00+00:00,157.65,158.49,155.98,432449,157.97,50372968,157.01827,HOLD,11045.934588715354
2023-03-29 04:00:00+00:00,160.77,161.05,159.35,472079,159.37,57532705,160.273443,HOLD,11045.934588715354
2023-03-30 04:00:00+00:00,162.36,162.47,161.271,456156,161.53,53823579,162.027551,HOLD,11045.934588715354
2023-03-31 04:00:00+00:00,164.9,165.0,161.91,572350,162.44,69191490,163.992724,SELL,11045.934588715354
2023-04-03 04:00:00+00:00,166.17,166.29,164.22,568688,164.27,62027954,165.410449,HOLD,11045.934588715354
2023-04-04 04:00:00+00:00,165.63,166.84,165.11,456308,166.595,52036268,165.895417,HOLD,11045.934588715354
2023-04-05 04:00:00+00:00,163.76,165.05,161.8,533623,164.74,56567368,163.499464,HOLD,11045.934588715354
2023-04-06 04:00:00+00:00,164.66,164.9584,162.0,446214,162.43,50780869,164.064618,HOLD,11045.934588715354
2023-04-10 04:00:00+00:00,162.03,162.03,160.08,563917,161.42,51829429,161.299097,HOLD,11045.934588715354
2023-04-11 04:00:00+00:00,160.8,162.36,160.51,490482,162.35,51774289,161.122856,HOLD,11045.934588715354
2023-04-12 04:00:00+00:00,160.1,162.06,159.78,514262,161.22,50706904,160.916046,HOLD,11045.934588715354
2023-04-13 04:00:00+00:00,165.56,165.8,161.42,595712,161.63,76953623,164.469322,HOLD,11045.934588715354
2023-04-14 04:00:00+00:00,165.21,166.32,163.82,488449,164.59,54918972,165.061557,HOLD,11045.934588715354
2023-04-17 04:00:00+00:00,165.23,165.39,164.03,483390,165.09,45769525,164.801759,HOLD,11045.934588715354
2023-04-18 04:00:00+00:00,166.47,167.41,165.65,494602,166.1,55909701,166.360112,HOLD,11045.934588715354
2023-04-19 04:00:00+00:00,167.63,168.16,165.54,473868,165.8,48158687,167.265178,HOLD,11045.934588715354
2023-04-20 04:00:00+00:00,166.65,167.87,165.56,493154,166.09,53020864,166.794939,HOLD,11045.934588715354
2023-04-21 04:00:00+00:00,165.02,166.4521,164.49,519453,165.05,65307211,165.091964,HOLD,11045.934588715354
2023-04-24 04:00:00+00:00,165.33,165.6,163.89,459502,165.0,45338131,164.961709,HOLD,11045.934588715354
2023-04-25 04:00:00+00:00,163.77,166.305,163.73,501551,165.19,48714063,164.646986,HOLD,11045.934588715354
2023-04-26 04:00:00+00:00,163.76,165.28,162.8,493407,163.055,50920364,163.892842,HOLD,11045.934588715354
2023-04-27 04:00:00+00:00,168.41,168.56,165.19,575984,165.19,76052617,167.512917,HOLD,11045.934588715354
2023-04-28 04:00:00+00:00,169.68,169.85,167.8801,526191,168.49,63093372,169.044645,HOLD,11045.934588715354
2023-05-01 04:00:00+00:00,169.59,170.45,168.64,540748,169.28,56437122,169.663231,HOLD,11045.934588715354
2023-05-02 04:00:00+00:00,168.54,170.35,167.54,509756,170.09,48897270,168.70263,HOLD,11045.934588715354
2023-05-03 04:00:00+00:00,167.45,170.92,167.16,610055,169.5,70732642,169.180843,HOLD,11045.934588715354
2023-05-04 04:00:00+00:00,165.79,167.04,164.31,832125,164.89,81791781,165.708907,HOLD,11045.934588715354
2023-05-05 04:00:00+00:00,173.57,174.3,170.76,913563,170.975,114073502,173.389233,SELL,11045.934588715354
2023-05-08 04:00:00+00:00,173.5,173.85,172.11,563142,172.48,61353610,173.301181,SELL,11045.934588715354
2023-05-09 04:00:00+00:00,171.77,173.54,171.6,456211,173.05,50729673,172.198383,HOLD,11045.934588715354
2023-05-10 04:00:00+00:00,173.555,174.03,171.9,511486,173.02,53724501,173.187071,HOLD,11045.934588715354
2023-05-11 04:00:00+00:00,173.75,174.59,172.17,501957,173.85,50011672,173.491189,HOLD,11045.934588715354
2023-05-12 04:00:00+00:00,172.57,174.06,171.0,489401,173.62,50612841,172.391578,HOLD,11045.934588715354
2023-05-15 04:00:00+00:00,172.07,173.21,171.47,444787,173.16,41718475,172.092171,HOLD,11045.934588715354
2023-05-16 04:00:00+00:00,172.07,173.1383,171.7991,436167,171.99,45676613,172.271733,HOLD,11045.934588715354
2023-05-17 04:00:00+00:00,172.69,172.925,170.4201,554943,171.71,65903562,171.956478,HOLD,11045.934588715354
2023-05-18 04:00:00+00:00,175.05,175.24,172.58,595693,173.0,66091664,174.334502,HOLD,11045.934588715354
2023-05-19 04:00:00+00:00,175.16,176.39,174.94,531634,176.39,58044146,175.572261,HOLD,11045.934588715354
2023-05-22 04:00:00+00:00,174.2,174.71,173.45,526394,173.98,44146775,174.199398,HOLD,11045.934588715354
2023-05-23 04:00:00+00:00,171.56,173.3794,171.275,535094,173.13,56405720,172.153619,HOLD,11045.934588715354
2023-05-24 04:00:00+00:00,171.84,172.4183,170.52,492277,171.09,45740665,171.495997,HOLD,11045.934588715354
2023-05-25 04:00:00+00:00,172.99,173.895,171.69,534914,172.41,64475787,172.915577,HOLD,11045.934588715354
2023-05-26 04:00:00+00:00,175.43,175.77,173.11,528297,173.32,62620662,175.179028,HOLD,11045.934588715354
2023-05-30 04:00:00+00:00,177.3,178.99,176.57,651322,176.96,63293297,177.423861,HOLD,11045.934588715354
2023-05-31 04:00:00+00:00,177.25,179.35,176.76,669221,177.325,99625288,177.987684,HOLD,11045.934588715354
2023-06-01 04:00:00+00:00,180.09,180.12,176.9306,624136,177.7,76857581,179.402689,SELL,11045.934588715354
2023-06-02 04:00:00+00:00,180.95,181.78,179.26,712123,181.03,76294033,180.655109,SELL,11045.934588715354
2023-06-05 04:00:00+00:00,179.58,184.951,178.035,1286854,182.63,121969015,182.199552,HOLD,11045.934588715354
2023-06-06 04:00:00+00:00,179.21,180.12,177.43,705233,179.965,64841762,178.685496,HOLD,11045.934588715354
2023-06-07 04:00:00+00:00,177.82,181.21,177.32,669100,178.44,69732161,178.558004,HOLD,11045.934588715354
2023-06-08 04:00:00+00:00,180.57,180.84,177.46,548697,177.895,50221611,179.527467,HOLD,11045.934588715354
2023-06-09 04:00:00+00:00,180.96,182.23,180.63,557832,181.5,48890039,181.456753,HOLD,11045.934588715354
2023-06-12 04:00:00+00:00,183.79,183.89,180.97,562764,181.27,54796150,182.754879,HOLD,11045.934588715354
2023-06-13 04:00:00+00:00,183.31,184.15,182.44,608362,182.8,54967369,183.182816,HOLD,11045.934588715354
2023-06-14 04:00:00+00:00,183.95,184.39,182.02,614191,183.37,57451443,183.70125,HOLD,11045.934588715354
2023-06-15 04:00:00+00:00,186.01,186.52,183.78,697108,183.96,65417713,185.576485,HOLD,11045.934588715354
2023-06-16 04:00:00+00:00,184.92,186.99,184.27,616230,186.73,101239104,185.576671,HOLD,11045.934588715354
2023-06-20 04:00:00+00:00,185.01,186.1,184.41,577559,184.41,49801726,185.301696,HOLD,11045.934588715354
2023-06-21 04:00:00+00:00,183.96,185.41,182.5901,520855,184.9,49505417,184.08866,HOLD,11045.934588715354
2023-06-22 04:00:00+00:00,187.0,187.045,183.67,563157,183.74,51248267,186.095509,HOLD,11045.934588715354
2023-06-23 04:00:00+00:00,186.68,187.56,185.01,539709,185.55,53194896,186.491169,HOLD,11045.934588715354
2023-06-26 04:00:00+00:00,185.27,188.05,185.23,584779,186.83,48099269,186.342879,HOLD,11045.934588715354
2023-06-27 04:00:00+00:00,188.06,188.39,185.67,512183,185.89,50745529,187.471551,HOLD,11045.934588715354
2023-06-28 04:00:00+00:00,189.25,189.9,187.6,559611,187.93,51225939,188.888455,HOLD,11045.934588715354
2023-06-29 04:00:00+00:00,189.59,190.07,188.94,525368,189.08,46347309,189.546219,HOLD,11045.934588715354
2023-06-30 04:00:00+00:00,193.97,194.48,191.26,760823,191.63,83782058,193.114617,SELL,11045.934588715354
2023-07-03 04:00:00+00:00,192.46,193.88,191.76,498718,193.78,31357392,192.638055,HOLD,11045.934588715354
2023-07-05 04:00:00+00:00,191.33,192.98,190.62,560240,191.565,46921907,191.615305,HOLD,11045.934588715354
2023-07-06 04:00:00+00:00,191.81,192.02,189.2,562929,189.84,45172292,190.810342,HOLD,11045.934588715354
2023-07-07 04:00:00+00:00,190.68,192.67,190.24,538828,191.41,46814999,191.43102,HOLD,11045.934588715354
2023-07-10 04:00:00+00:00,188.61,189.99,187.035,736976,189.26,59925144,188.338409,HOLD,11045.934588715354
2023-07-11 04:00:00+00:00,188.08,189.3,186.6,577864,189.16,46646096,187.802462,HOLD,11045.934588715354
2023-07-12 04:00:00+00:00,189.77,191.7,188.47,652270,189.68,60757160,189.984281,HOLD,11045.934588715354
2023-07-13 04:00:00+00:00,190.54,191.19,189.78,468081,190.5,41348909,190.565107,HOLD,11045.934588715354
2023-07-14 04:00:00+00:00,190.69,191.1799,189.63,513236,190.23,41622330,190.461122,HOLD,11045.934588715354
2023-07-17 04:00:00+00:00,193.99,194.32,191.81,603051,191.9,50546738,193.32553,HOLD,11045.934588715354
2023-07-18 04:00:00+00:00,193.73,194.33,192.415,544724,193.35,48357948,193.375703,HOLD,11045.934588715354
2023-07-19 04:00:00+00:00,195.1,198.23,192.65,777402,193.1,80534721,194.986076,HOLD,11045.934588715354
2023-07-20 04:00:00+00:00,193.13,196.47,192.495,640137,195.09,59597695,194.296883,HOLD,11045.934588715354
2023-07-21 04:00:00+00:00,191.94,194.97,191.23,580363,194.1,71957084,192.718322,HOLD,11045.934588715354
2023-07-24 04:00:00+00:00,192.75,194.91,192.25,526175,193.41,45538581,193.233712,HOLD,11045.934588715354
2023-07-25 04:00:00+00:00,193.62,194.44,192.915,445740,193.33,37339808,193.799673,HOLD,11045.934588715354
2023-07-26 04:00:00+00:00,194.5,195.64,193.32,502596,193.67,47506279,194.378548,HOLD,11045.934588715354
2023-07-27 04:00:00+00:00,193.22,197.2,192.55,570678,196.02,47465977,194.950386,HOLD,11045.934588715354
2023-07-28 04:00:00+00:00,195.83,196.626,194.14,519154,194.67,48291445,195.809443,HOLD,11045.934588715354
2023-07-31 04:00:00+00:00,196.45,196.49,195.26,530646,196.06,45241255,196.200202,HOLD,11045.934588715354
2023-08-01 04:00:00+00:00,195.605,196.73,195.28,478272,196.235,35306213,195.861871,HOLD,11045.934588715354
2023-08-02 04:00:00+00:00,192.58,195.18,191.8507,620854,195.04,50408072,192.939066,HOLD,11045.934588715354
2023-08-03 04:00:00+00:00,191.17,192.37,190.69,756802,191.57,62366562,191.573861,HOLD,11045.934588715354
2023-08-04 04:00:00+00:00,181.99,187.38,181.92,1336767,185.52,115956843,184.299063,BUY,11045.934588715354
2023-08-07 04:00:00+00:00,178.85,183.13,177.35,1159593,182.13,97586944,178.896194,BUY,10855.351399482064
2023-08-08 04:00:00+00:00,179.8,180.27,177.58,709234,179.69,67832886,179.011351,BUY,10913.011918517615
2023-08-09 04:00:00+00:00,178.19,180.93,177.01,666321,180.87,60386755,178.47219,BUY,10815.292512573156
2023-08-10 04:00:00+00:00,177.97,180.75,177.6,653105,179.48,54695861,178.827828,HOLD,10801.939550270188
2023-08-11 04:00:00+00:00,177.79,178.62,176.55,586486,177.32,52036674,177.792719,HOLD,10791.01439929503
2023-08-14 04:00:00+00:00,179.46,179.69,177.305,565211,177.97,43690884,178.934721,HOLD,10892.375522231207
2023-08-15 04:00:00+00:00,177.45,179.48,177.05,510238,178.88,43635379,177.899185,HOLD,10770.378003008624
2023-08-16 04:00:00+00:00,176.57,178.54,176.5,526310,177.13,46979752,177.479546,HOLD,10716.966153796746
2023-08-17 04:00:00+00:00,174.0,177.5054,173.48,673488,177.14,66700735,174.653058,HOLD,10560.979275984788
2023-08-18 04:00:00+00:00,174.49,175.1,171.96,596487,172.3,61173170,173.859323,HOLD,10590.719964750493
2023-08-21 04:00:00+00:00,175.84,176.13,173.735,559827,175.07,46323343,175.22285,HOLD,10672.658597064168
2023-08-22 04:00:00+00:00,177.23,177.68,176.25,501637,177.06,42091932,177.011047,HOLD,10757.025040705654
2023-08-23 04:00:00+00:00,181.12,181.55,178.325,587652,178.52,52756878,180.668409,HOLD,10993.12969233543
2023-08-24 04:00:00+00:00,176.38,181.104,176.01,610587,180.674,54953439,177.661775,HOLD,10705.434049989637
2023-08-25 04:00:00+00:00,178.61,179.15,175.82,554792,177.38,51449596,177.826636,HOLD,10840.78453151519
2023-08-28 04:00:00+00:00,180.19,180.59,178.545,532552,180.09,43823300,179.618894,HOLD,10936.683078963786
2023-08-29 04:00:00+00:00,184.12,184.9,179.5,576648,179.695,53016040,183.281635,HOLD,11175.215541921374
2023-08-30 04:00:00+00:00,187.65,187.85,184.74,636605,184.94,60824230,186.947989,HOLD,11389.469891600836
2023-08-31 04:00:00+00:00,187.87,189.12,187.48,555057,187.84,60814675,188.185056,SELL,11402.822853903805
2023-09-01 04:00:00+00:00,189.46,189.92,188.28,530277,189.485,45766507,189.025752,SELL,11402.822853903805
2023-09-05 04:00:00+00:00,189.7,189.98,187.61,602564,188.28,45285046,189.129836,HOLD,11402.822853903805
2023-09-06 04:00:00+00:00,182.91,188.85,181.47,880369,188.4,81765466,183.778433,HOLD,11402.822853903805
2023-09-07 04:00:00+00:00,177.56,178.21,173.54,1210446,175.18,112503695,176.693655,HOLD,11402.822853903805
2023-09-08 04:00:00+00:00,178.18,180.239,177.79,755391,178.35,65602067,179.093843,HOLD,11402.822853903805
2023-09-11 04:00:00+00:00,179.36,180.3,177.34,722658,180.07,58964184,178.798151,HOLD,11402.822853903805
2023-09-12 04:00:00+00:00,176.3,180.13,174.82,937680,179.49,90383654,176.701341,HOLD,11402.822853903805
2023-09-13 04:00:00+00:00,174.21,177.3,173.98,835414,176.51,84277767,175.029416,HOLD,11402.822853903805
2023-09-14 04:00:00+00:00,175.74,176.1,173.58,641142,174.0,60898149,175.376921,HOLD,11402.822853903805
2023-09-15 04:00:00+00:00,175.01,176.495,173.82,729795,176.48,109259462,175.084694,HOLD,11402.822853903805
2023-09-18 04:00:00+00:00,177.97,179.38,176.17,731499,176.48,67272034,177.971078,HOLD,11402.822853903805
2023-09-19 04:00:00+00:00,179.07,179.63,177.13,524532,177.52,51831661,178.410352,HOLD,11402.822853903805
2023-09-20 04:00:00+00:00,175.49,179.695,175.4,600755,179.26,58452947,177.082657,HOLD,11402.822853903805
2023-09-21 04:00:00+00:00,173.93,176.3,173.86,631737,174.55,63160835,174.903668,HOLD,11402.822853903805
2023-09-22 04:00:00+00:00,174.79,177.079,174.05,606172,174.67,56725387,175.479785,HOLD,11402.822853903805
2023-09-25 04:00:00+00:00,176.08,176.97,174.15,564354,174.2,46178509,175.674313,HOLD,11402.822853903805
2023-09-26 04:00:00+00:00,171.96,175.2,171.66,688566,174.82,64597559,172.730491,HOLD,11402.822853903805
2023-09-27 04:00:00+00:00,170.43,173.04,169.05,708087,172.62,66940950,170.519718,HOLD,11402.822853903805
2023-09-28 04:00:00+00:00,170.69,172.03,167.62,618749,169.34,56302471,170.313489,HOLD,11402.822853903805
2023-09-29 04:00:00+00:00,171.21,173.07,170.341,535136,172.02,51886171,171.602011,HOLD,11402.822853903805
2023-10-02 04:00:00+00:00,173.75,174.3,170.93,617354,171.22,52172333,173.28953,HOLD,11402.822853903805
2023-10-03 04:00:00+00:00,172.4,173.63,170.82,543146,172.255,49637004,172.128425,HOLD,11402.822853903805
2023-10-04 04:00:00+00:00,173.66,174.21,170.97,561075,171.09,53025614,172.950579,HOLD,11402.822853903805
2023-10-05 04:00:00+00:00,174.91,175.45,172.68,509291,173.79,48532230,174.243182,HOLD,11402.822853903805
2023-10-06 04:00:00+00:00,177.49,177.99,173.18,593946,173.8,57266677,176.35858,HOLD,11402.822853903805
2023-10-09 04:00:00+00:00,178.99,179.05,175.8,518390,176.81,42400769,177.868024,HOLD,11402.822853903805
2023-10-10 04:00:00+00:00,178.39,179.72,177.95,525007,178.1,43700093,178.688787,HOLD,11402.822853903805
2023-10-11 04:00:00+00:00,179.8,179.85,177.6,503608,178.2,47555502,178.920294,HOLD,11402.822853903805
2023-10-12 04:00:00+00:00,180.71,182.34,179.04,617072,180.07,56753369,180.97399,HOLD,11402.822853903805
2023-10-13 04:00:00+00:00,178.85,181.93,178.14,531443,181.42,51456083,179.41376,HOLD,11402.822853903805
2023-10-16 04:00:00+00:00,178.72,179.075,176.51,632661,176.75,52519230,178.148359,HOLD,11402.822853903805
2023-10-17 04:00:00+00:00,177.15,178.42,174.8,592436,176.645,57553146,176.85213,HOLD,11402.822853903805
2023-10-18 04:00:00+00:00,175.84,177.575,175.11,540428,175.58,54780899,176.368798,HOLD,11402.822853903805
2023-10-19 04:00:00+00:00,175.46,177.84,175.19,560468,176.04,59312291,176.270608,HOLD,11402.822853903805
2023-10-20 04:00:00+00:00,172.88,175.42,172.64,600322,175.31,64244029,173.789788,HOLD,11402.822853903805
2023-10-23 04:00:00+00:00,173.0,174.01,169.93,639779,170.91,55986017,172.365942,HOLD,11402.822853903805
2023-10-24 04:00:00+00:00,173.44,173.67,171.45,530643,173.05,43825971,172.712413,HOLD,11402.822853903805
2023-10-25 04:00:00+00:00,171.1,173.06,170.65,611287,171.88,57219947,171.526493,HOLD,11402.822853903805
2023-10-26 04:00:00+00:00,166.89,171.3775,165.67,815731,170.37,70660031,167.582602,BUY,11402.822853903805
2023-10-27 04:00:00+00:00,168.22,168.96,166.83,609514,166.91,58499131,167.909302,HOLD,11493.69561078374
2023-10-30 04:00:00+00:00,170.29,171.17,168.87,628371,169.02,51135875,170.081326,HOLD,11635.129149687094
2023-10-31 04:00:00+00:00,170.77,170.9,167.9,510050,169.35,44852482,169.874357,HOLD,11667.925332621206
2023-11-01 04:00:00+00:00,173.97,174.23,170.12,633750,171.0,56951142,172.611605,HOLD,11886.566552181946
2023-11-02 04:00:00+00:00,177.57,177.78,175.46,807105,175.52,77518015,177.101455,HOLD,12132.537924187782
2023-11-03 04:00:00+00:00,176.65,176.82,173.35,858040,174.24,80129247,175.636789,HOLD,12069.678573564068
2023-11-06 05:00:00+00:00,179.23,179.43,176.21,678194,176.38,63852730,178.60948,HOLD,12245.958056834916
2023-11-07 05:00:00+00:00,181.82,182.44,178.97,653956,179.18,70539955,181.315051,HOLD,12422.920793916892
2023-11-08 05:00:00+00:00,182.89,183.45,181.59,542542,182.35,49345307,182.664855,HOLD,12496.028951707514
2023-11-09 05:00:00+00:00,182.41,184.12,181.81,545850,182.96,53780415,182.934075,HOLD,12463.232768773403
2023-11-10 05:00:00+00:00,186.4,186.565,183.53,610940,183.97,66204156,185.361502,SELL,12735.851039413203
2023-11-13 05:00:00+00:00,184.8,186.03,184.21,530523,185.82,43631574,184.822995,HOLD,12735.851039413203
2023-11-14 05:00:00+00:00,187.44,188.11,186.3,609334,187.7,60113030,187.322497,HOLD,12735.851039413203
2023-11-15 05:00:00+00:00,188.01,189.5,187.78,564663,187.845,53818016,188.470666,HOLD,12735.851039413203
2023-11-16 05:00:00+00:00,189.71,190.96,188.65,621003,189.57,54426521,189.725074,HOLD,12735.851039413203
2023-11-17 05:00:00+00:00,189.69,190.38,188.57,510221,190.25,50941406,189.599311,HOLD,12735.851039413203
2023-11-20 05:00:00+00:00,191.45,191.905,189.88,554091,189.89,46543084,191.307534,HOLD,12735.851039413203
2023-11-21 05:00:00+00:00,190.64,191.52,189.74,450941,191.41,38142232,190.509559,HOLD,12735.851039413203
2023-11-22 05:00:00+00:00,191.31,192.93,190.825,463588,191.49,39630374,191.737678,HOLD,12735.851039413203
2023-11-24 05:00:00+00:00,189.97,190.9,189.25,335950,190.87,24048346,189.776006,HOLD,12735.851039413203
2023-11-27 05:00:00+00:00,189.79,190.67,188.9,509035,189.92,40570385,189.801449,HOLD,12735.851039413203
2023-11-28 05:00:00+00:00,190.4,191.08,189.4,458379,189.78,38422811,190.182635,HOLD,12735.851039413203
2023-11-29 05:00:00+00:00,189.37,192.09,188.97,493157,190.9,43017537,190.095824,HOLD,12735.851039413203
2023-11-30 05:00:00+00:00,189.95,190.32,188.19,486962,189.84,48804815,189.32785,HOLD,12735.851039413203
2023-12-01 05:00:00+00:00,191.24,191.56,189.23,515541,190.33,45704824,190.814969,HOLD,12735.851039413203
2023-12-04 05:00:00+00:00,189.43,190.05,187.4511,587629,189.98,43396215,188.903443,HOLD,12735.851039413203
2023-12-05 05:00:00+00:00,193.42,194.4,190.18,700936,190.21,66654222,193.201212,HOLD,12735.851039413203
2023-12-06 05:00:00+00:00,192.32,194.76,192.11,491536,194.45,41092772,192.792192,HOLD,12735.851039413203
2023-12-07 05:00:00+00:00,194.27,195.0,193.59,495114,193.63,47485364,194.415635,HOLD,12735.851039413203
2023-12-08 05:00:00+00:00,195.71,195.99,193.67,538969,194.2,53406358,195.1631,SELL,12735.851039413203
2023-12-11 05:00:00+00:00,193.18,193.49,191.42,691291,193.11,60952756,192.690089,HOLD,12735.851039413203
2023-12-12 05:00:00+00:00,194.71,194.72,191.721,510922,193.08,52704312,193.712615,HOLD,12735.851039413203
2023-12-13 05:00:00+00:00,197.96,198.0,194.85,672723,195.09,70422443,196.884059,SELL,12735.851039413203
2023-12-14 05:00:00+00:00,198.11,199.62,196.16,691952,198.02,66836850,198.298267,SELL,12735.851039413203
2023-12-15 05:00:00+00:00,197.57,198.3999,197.0,625454,197.53,128538401,197.573249,HOLD,12735.851039413203
2023-12-18 05:00:00+00:00,195.89,196.63,194.39,655820,196.09,55755354,195.532766,HOLD,12735.851039413203
2023-12-19 05:00:00+00:00,196.94,196.95,195.89,451795,196.16,40717190,196.531773,HOLD,12735.851039413203
2023-12-20 05:00:00+00:00,194.83,197.68,194.83,550700,196.9,52247140,196.221545,HOLD,12735.851039413203
2023-12-21 05:00:00+00:00,194.68,197.08,193.5,554963,196.1,46485784,194.733112,HOLD,12735.851039413203
2023-12-22 05:00:00+00:00,193.6,195.41,192.97,500544,195.18,37149570,194.099383,HOLD,12735.851039413203
2023-12-26 05:00:00+00:00,193.05,193.89,192.83,488340,193.61,28921648,193.170805,HOLD,12735.851039413203
2023-12-27 05:00:00+00:00,193.15,193.5,191.09,548205,192.49,48092035,192.535582,HOLD,12735.851039413203
2023-12-28 05:00:00+00:00,193.58,194.66,193.17,472490,194.14,34056639,193.925614,HOLD,12735.851039413203
2023-12-29 05:00:00+00:00,192.53,194.4,191.725,509123,193.9,42672148,192.577019,HOLD,12735.851039413203
2024-01-02 05:00:00+00:00,185.64,188.44,183.885,1009074,187.15,82496943,185.846233,BUY,12735.8510394132
2024-01-03 05:00:00+00:00,184.25,185.88,183.43,656956,184.22,58418916,184.319693,BUY,12640.489948351016
2024-01-04 05:00:00+00:00,181.91,183.0872,180.88,712850,182.15,71992243,182.013085,BUY,12479.95401087942
2024-01-05 05:00:00+00:00,181.18,182.76,180.17,682335,181.99,62379661,181.483937,BUY,12429.872286796402
2024-01-08 05:00:00+00:00,185.56,185.6,181.5,669304,182.085,59151720,184.400869,HOLD,12730.362631294516
2024-01-09 05:00:00+00:00,185.14,185.15,182.73,538297,183.92,42848219,184.364122,HOLD,12701.548488671408
2024-01-10 05:00:00+00:00,186.19,186.4,183.92,554884,184.35,46797681,185.223846,HOLD,12773.583845229175
2024-01-11 05:00:00+00:00,185.59,187.05,183.62,584114,186.54,49133996,185.022217,HOLD,12732.420784339023
2024-01-12 05:00:00+00:00,185.92,186.74,185.19,477050,186.06,40477782,185.818208,HOLD,12755.060467828607
2024-01-16 05:00:00+00:00,183.63,184.26,180.934,767431,182.16,65612289,182.83027,HOLD,12597.954785431191
2024-01-17 05:00:00+00:00,182.68,182.93,180.3,594725,181.27,47321545,181.895222,HOLD,12532.779939021784
2024-01-18 05:00:00+00:00,188.63,189.14,185.83,787472,186.09,78031784,187.968724,HOLD,12940.98029284913
2024-01-19 05:00:00+00:00,191.56,191.95,188.82,682664,189.33,68902985,190.60882,HOLD,13141.993240196041
2024-01-22 05:00:00+00:00,193.89,195.33,192.26,718256,192.3,60139948,194.013458,HOLD,13301.843126652799
2024-01-23 05:00:00+00:00,195.18,195.75,193.8299,533198,195.02,42360151,194.815768,HOLD,13390.34370756663
2024-01-24 05:00:00+00:00,194.5,196.38,194.34,594907,195.42,53636461,195.236375,HOLD,13343.69223855779
2024-01-25 05:00:00+00:00,194.17,196.2675,193.1125,644776,195.22,54834147,194.783346,HOLD,13321.052555068203
2024-01-26 05:00:00+00:00,192.42,194.76,191.94,534166,194.27,44594011,193.136866,HOLD,13200.993627471926
2024-01-29 05:00:00+00:00,191.73,192.2,189.58,599512,192.01,47145521,191.280816,HOLD,13153.65610744825
2024-01-30 05:00:00+00:00,188.04,191.8,187.47,690706,190.94,55854611,188.823566,HOLD,12900.503282973812
2024-01-31 05:00:00+00:00,184.4,187.095,184.35,679844,187.04,55467803,185.367471,HOLD,12650.780713573555
2024-02-01 05:00:00+00:00,186.86,186.95,183.82,820977,183.985,64885408,186.026227,HOLD,12819.54926322318
2024-02-02 05:00:00+00:00,185.85,187.33,179.25,1108466,179.86,102551680,184.826139,HOLD,12750.258110724755
2024-02-05 05:00:00+00:00,187.68,189.25,185.84,804749,188.15,69668820,187.770827,HOLD,12875.805446439721
2024-02-06 05:00:00+00:00,189.3,189.31,186.7695,530825,186.86,43490759,188.495897,HOLD,12986.945710843134
2024-02-07 05:00:00+00:00,189.41,191.05,188.61,596088,190.64,53438955,189.364757,HOLD,12994.492272006328
2024-02-08 05:00:00+00:00,188.32,189.535,187.35,521464,189.385,40962046,188.299781,HOLD,12919.712711389217
2024-02-09 05:00:00+00:00,188.85,189.99,188.0,544714,188.65,45155216,189.014343,HOLD,12956.073415175519
2024-02-12 05:00:00+00:00,187.15,188.67,186.79,585515,188.415,41781934,187.597468,HOLD,12839.44474265342
2024-02-13 05:00:00+00:00,185.04,186.21,183.5128,644015,185.77,56529529,184.966464,HOLD,12694.68797852305
2024-02-14 05:00:00+00:00,184.15,185.53,182.44,679073,185.32,54630517,183.578606,HOLD,12633.629438202657
2024-02-15 05:00:00+00:00,183.86,184.49,181.35,756083,183.55,65434496,182.685738,HOLD,12613.733958772418
2024-02-16 05:00:00+00:00,182.31,184.85,181.665,611770,183.42,49752465,182.753461,HOLD,12507.396051472857
2024-02-20 05:00:00+00:00,181.56,182.43,180.0,712338,181.79,53665553,181.029315,HOLD,12455.942225360166
2024-02-21 05:00:00+00:00,182.32,182.8888,180.66,522493,181.94,41529674,181.962835,HOLD,12508.082102487691
2024-02-22 05:00:00+00:00,184.37,184.955,182.46,613893,183.48,52292208,183.830992,HOLD,12648.722560529046
2024-02-23 05:00:00+00:00,182.52,185.04,182.23,549251,185.01,45119677,183.021736,HOLD,12521.80312278441
2024-02-26 05:00:00+00:00,181.16,182.76,180.65,615639,182.24,40867421,181.314102,HOLD,12428.50018476673
2024-02-27 05:00:00+00:00,182.63,183.9225,179.56,669764,181.1,54319745,181.811155,HOLD,12529.349683947603
2024-02-28 05:00:00+00:00,181.42,183.12,180.13,596443,182.51,48953939,181.146598,HOLD,12446.337511152462
2024-02-29 05:00:00+00:00,180.75,182.57,179.53,813073,181.27,136682597,180.683283,HOLD,12400.37209315846
2024-03-01 05:00:00+00:00,179.66,180.53,177.38,911079,179.55,73563082,179.006275,HOLD,12325.592532541348
2024-03-04 05:00:00+00:00,175.1,176.9,173.79,1167167,176.15,81510101,174.831634,BUY,12012.753269776189
2024-03-05 05:00:00+00:00,170.12,172.04,169.62,1108821,170.76,95432355,170.306262,BUY,11671.099864387923
2024-03-06 05:00:00+00:00,169.12,171.24,168.68,896300,171.06,68587707,169.541341,BUY,11602.494762904336
2024-03-07 05:00:00+00:00,169.0,170.73,168.49,825406,169.15,71765061,169.391677,BUY,11594.262150726305
2024-03-08 05:00:00+00:00,170.73,173.7,168.94,925213,169.0,76267041,171.559534,HOLD,11712.948976292912
2024-03-11 04:00:00+00:00,172.75,174.38,172.05,793618,172.94,60139473,172.953654,HOLD,11851.53128128976
2024-03-12 04:00:00+00:00,173.23,174.03,171.01,735067,173.15,59825372,172.846156,HOLD,11884.46173000188
2024-03-13 04:00:00+00:00,171.13,173.185,170.76,647120,172.77,52488692,171.346241,HOLD,11740.391016886346
2024-03-14 04:00:00+00:00,173.0,174.3078,172.05,806014,172.91,72913507,173.105496,HOLD,11868.682556660655
2024-03-15 04:00:00+00:00,172.62,172.62,170.285,771387,171.17,121752699,171.710221,HOLD,11842.612618096893
2024-03-18 04:00:00+00:00,173.72,177.71,173.52,866388,175.57,75604184,175.502415,HOLD,11918.078229728839
2024-03-19 04:00:00+00:00,176.08,176.605,173.03,636058,174.34,55215244,175.453787,HOLD,12079.986269230107
2024-03-20 04:00:00+00:00,178.67,178.67,175.09,641653,175.72,53423102,177.199304,HOLD,12257.673482072596
2024-03-21 04:00:00+00:00,171.37,177.49,170.84,1224985,177.05,106181270,172.712473,HOLD,11756.856241242407
2024-03-22 04:00:00+00:00,172.28,173.05,170.06,736379,171.76,71160138,172.075981,HOLD,11819.286883592473
2024-03-25 04:00:00+00:00,170.85,171.94,169.45,727686,170.565,54288328,170.706341,HOLD,11721.181588470941
2024-03-26 04:00:00+00:00,169.71,171.42,169.58,684303,170.0,57388449,170.342184,HOLD,11642.971772779652
2024-03-27 04:00:00+00:00,173.31,173.6,170.11,670630,170.41,60273265,172.581734,HOLD,11889.950138120568
2024-03-28 04:00:00+00:00,171.48,172.23,170.51,648027,171.75,65672690,171.355595,HOLD,11764.4028024056
2024-04-01 04:00:00+00:00,170.03,171.25,169.475,676830,171.19,46240500,170.066484,HOLD,11664.9254052544
2024-04-02 04:00:00+00:00,168.84,169.34,168.2302,608917,169.08,49356481,168.895583,HOLD,11583.285334488932
2024-04-03 04:00:00+00:00,169.65,170.68,168.58,571286,168.79,47691715,169.864966,HOLD,11638.855466690637
2024-04-04 04:00:00+00:00,168.82,171.92,168.82,630785,170.29,53704386,170.088279,HOLD,11581.91323245926
2024-04-05 04:00:00+00:00,169.58,170.39,168.95,540854,169.59,42104826,169.644567,HOLD,11634.053109586786
2024-04-08 04:00:00+00:00,168.45,169.2,168.24,549987,169.03,37425513,168.661965,HOLD,11556.52934491033
2024-04-09 04:00:00+00:00,169.67,170.08,168.35,541699,168.7,42451209,169.156022,HOLD,11640.227568720307
2024-04-10 04:00:00+00:00,167.78,169.09,167.11,647589,168.8,49709336,167.967996,HOLD,11510.563926916328
2024-04-11 04:00:00+00:00,175.04,175.46,168.16,828410,168.34,91070275,172.725026,HOLD,12008.636963687173
2024-04-12 04:00:00+00:00,176.55,178.36,174.21,959162,174.26,101617429,176.37919,HOLD,12112.230666927393
2024-04-15 04:00:00+00:00,172.69,176.63,172.5,846772,175.36,73531773,174.156292,HOLD,11847.414975200743
2024-04-16 04:00:00+00:00,169.38,173.76,168.27,834299,171.75,73711235,170.053177,HOLD,11620.332089290068
2024-04-17 04:00:00+00:00,168.0,170.65,168.0,599005,169.61,50901210,169.005697,HOLD,11525.657049242718
2024-04-18 04:00:00+00:00,167.04,168.64,166.55,553241,168.03,43116703,167.414061,HOLD,11459.796151818473
2024-04-19 04:00:00+00:00,165.0,166.4,164.075,754775,166.21,68149377,165.142375,HOLD,11319.841744791955
2024-04-22 04:00:00+00:00,165.84,167.26,164.77,610370,165.515,48116443,165.93835,HOLD,11377.470030038168
2024-04-23 04:00:00+00:00,166.9,167.05,164.92,554942,165.35,49537761,166.498697,HOLD,11450.19143761077
2024-04-24 04:00:00+00:00,169.02,169.3,166.21,584990,166.54,48251835,168.447598,HOLD,11595.634252755977
2024-04-25 04:00:00+00:00,169.89,170.61,168.1511,608882,169.525,50558329,169.443845,HOLD,11655.320691046696
2024-04-26 04:00:00+00:00,169.3,171.34,169.18,563912,169.88,44838354,170.005491,HOLD,11614.843681171382
2024-04-29 04:00:00+00:00,173.5,176.03,173.1,808216,173.37,68169419,174.445277,HOLD,11902.98510740245
2024-04-30 04:00:00+00:00,170.33,174.99,170.0,647477,173.33,65934776,172.099126,HOLD,11685.506935699477
2024-05-01 04:00:00+00:00,169.3,172.705,169.11,648630,169.58,50383147,170.720884,HOLD,11614.843681171382
2024-05-02 04:00:00+00:00,173.03,173.415,170.89,944120,172.51,94214915,172.461486,HOLD,11870.740709705164
2024-05-03 04:00:00+00:00,183.38,187.0,182.66,1468505,186.645,163224109,184.596364,SELL,12580.803510060294
2024-05-06 04:00:00+00:00,181.71,184.2,180.42,898764,182.354,78569667,181.840062,SELL,12580.803510060294
2024-05-07 04:00:00+00:00,182.4,184.9,181.32,747519,183.45,77305771,182.837213,HOLD,12580.803510060294
2024-05-08 04:00:00+00:00,182.74,183.07,181.45,518609,182.85,45057087,182.468972,HOLD,12580.803510060294
2024-05-09 04:00:00+00:00,184.57,184.66,182.11,551005,182.56,48982972,183.988666,HOLD,12580.803510060294
2024-05-10 04:00:00+00:00,183.05,185.09,182.13,558780,184.9,50759496,183.098781,HOLD,12580.803510060294
2024-05-13 04:00:00+00:00,186.28,187.1,184.62,726520,185.435,72054409,186.196091,HOLD,12580.803510060294
2024-05-14 04:00:00+00:00,187.43,188.3,186.29,559493,187.51,52393619,187.267149,HOLD,12580.803510060294
2024-05-15 04:00:00+00:00,189.72,190.65,187.37,727615,187.91,70399988,189.700072,HOLD,12580.803510060294
2024-05-16 04:00:00+00:00,189.84,191.095,189.6601,566951,190.47,52845230,190.135756,HOLD,12580.803510060294
2024-05-17 04:00:00+00:00,189.87,190.81,189.18,478193,189.51,41282925,189.936809,HOLD,12580.803510060294
2024-05-20 04:00:00+00:00,191.04,191.9199,189.01,566908,189.325,44361275,191.086154,HOLD,12580.803510060294
2024-05-21 04:00:00+00:00,192.35,192.73,190.9201,502788,191.09,42309401,192.255686,HOLD,12580.803510060294
2024-05-22 04:00:00+00:00,190.9,192.8231,190.27,452377,192.265,34648547,191.446181,HOLD,12580.803510060294
2024-05-23 04:00:00+00:00,186.88,191.0,186.625,574010,190.98,51005924,188.23328,HOLD,12580.803510060294
2024-05-24 04:00:00+00:00,189.98,190.58,188.0404,492870,188.82,36326975,189.724212,HOLD,12580.803510060294
2024-05-28 04:00:00+00:00,189.99,193.0,189.1,702191,191.51,52280051,190.773235,HOLD,12580.803510060294
2024-05-29 04:00:00+00:00,190.29,192.247,189.51,603502,189.61,53068016,191.114792,HOLD,12580.803510060294
2024-05-30 04:00:00+00:00,191.29,192.18,190.63,568984,190.76,49947941,191.410401,HOLD,12580.803510060294
2024-05-31 04:00:00+00:00,192.25,192.57,189.91,618230,191.44,75158277,191.66388,HOLD,12580.803510060294
2024-06-03 04:00:00+00:00,194.03,194.99,192.52,700957,192.9,50080539,193.787269,HOLD,12580.803510060294
2024-06-04 04:00:00+00:00,194.35,195.32,193.0342,575318,194.635,47471445,194.306377,HOLD,12580.803510060294
2024-06-05 04:00:00+00:00,195.87,196.9,194.87,648283,195.4,54156785,195.883235,HOLD,12580.803510060294
2024-06-06 04:00:00+00:00,194.48,196.5,194.17,550123,195.685,41181753,195.332141,HOLD,12580.803510060294
2024-06-07 04:00:00+00:00,196.89,196.94,194.14,505960,194.65,53103912,195.928421,HOLD,12580.803510060294
2024-06-10 04:00:00+00:00,193.12,197.3,192.15,1115274,196.9,97262077,194.426234,HOLD,12580.803510060294
2024-06-11 04:00:00+00:00,207.15,207.16,193.63,1601779,193.65,172460296,203.112181,SELL,12580.803510060294
2024-06-12 04:00:00+00:00,213.07,220.2,206.9,1861010,207.37,198134293,215.460162,SELL,12580.803510060294
2024-06-13 04:00:00+00:00,214.24,216.75,211.6,1032970,214.74,97862729,214.029875,SELL,12580.803510060294
2024-06-14 04:00:00+00:00,212.49,215.17,211.3,793746,213.85,70122748,212.736231,HOLD,12580.803510060294
2024-06-17 04:00:00+00:00,216.67,218.95,212.72,1034963,213.37,93728300,216.440781,SELL,12580.803510060294
2024-06-18 04:00:00+00:00,214.29,218.63,213.0,919960,217.59,79943254,214.735152,HOLD,12580.803510060294
2024-06-20 04:00:00+00:00,209.68,214.24,208.85,1005362,213.93,86172451,210.595655,HOLD,12580.803510060294
2024-06-21 04:00:00+00:00,207.49,211.89,207.11,881938,210.39,246421353,208.555754,HOLD,12580.803510060294
2024-06-24 04:00:00+00:00,208.14,212.7,206.59,916152,207.72,80727006,209.449238,HOLD,12580.803510060294
2024-06-25 04:00:00+00:00,209.07,211.38,208.61,621196,209.15,56713868,209.721317,HOLD,12580.803510060294
2024-06-26 04:00:00+00:00,213.25,214.86,210.64,769103,211.5,66213186,213.17689,HOLD,12580.803510060294
2024-06-27 04:00:00+00:00,214.1,215.7395,212.35,644397,214.69,49772707,213.933376,HOLD,12580.803510060294
2024-06-28 04:00:00+00:00,210.62,216.07,210.3,727543,215.77,82403710,212.656277,HOLD,12580.803510060294
2024-07-01 04:00:00+00:00,216.75,217.51,211.92,784845,212.09,60402929,215.508234,HOLD,12580.803510060294
2024-07-02 04:00:00+00:00,220.27,220.38,215.1,689998,216.15,58046178,219.182842,HOLD,12580.803510060294
2024-07-03 04:00:00+00:00,221.55,221.55,219.03,566784,220.0,37369801,220.684315,HOLD,12580.803510060294
2024-07-05 04:00:00+00:00,226.34,226.45,221.65,767414,221.65,60412408,224.931448,HOLD,12580.803510060294
2024-07-08 04:00:00+00:00,227.82,227.85,223.25,790096,227.09,59085861,226.293992,HOLD,12580.803510060294
2024-07-09 04:00:00+00:00,228.68,229.4,226.3721,651068,227.93,48169822,228.220233,HOLD,12580.803510060294
2024-07-10 04:00:00+00:00,232.98,233.08,229.25,782526,229.3,62627687,231.674517,SELL,12580.803510060294
2024-07-11 04:00:00+00:00,227.57,232.39,225.77,889309,231.39,64710617,228.407436,HOLD,12580.803510060294
2024-07-12 04:00:00+00:00,230.54,232.64,228.68,706283,228.92,53046527,231.0574,HOLD,12580.803510060294
2024-07-15 04:00:00+00:00,234.4,237.23,233.09,822676,236.48,62631252,234.945994,HOLD,12580.803510060294
2024-07-16 04:00:00+00:00,234.82,236.27,232.33,623963,235.0,43234278,234.333785,HOLD,12580.803510060294
2024-07-17 04:00:00+00:00,228.88,231.4599,226.64,811104,229.45,57345884,228.812381,HOLD,12580.803510060294
2024-07-18 04:00:00+00:00,224.18,230.44,222.27,844626,230.28,66034585,225.167646,HOLD,12580.803510060294
2024-07-19 04:00:00+00:00,224.31,226.8,223.275,612830,224.82,49151453,224.753544,HOLD,12580.803510060294
2024-07-22 04:00:00+00:00,223.96,227.78,223.09,704897,227.01,48201835,224.992525,HOLD,12580.803510060294
2024-07-23 04:00:00+00:00,225.01,226.94,222.68,551688,224.365,39960260,225.013617,HOLD,12580.803510060294
2024-07-24 04:00:00+00:00,218.54,224.8,217.13,816144,224.0,61777576,219.079866,HOLD,12580.803510060294
2024-07-25 04:00:00+00:00,217.49,220.85,214.62,737642,218.93,51391199,218.117437,HOLD,12580.803510060294
2024-07-26 04:00:00+00:00,217.96,219.49,216.01,608589,218.7,41601345,217.883083,HOLD,12580.803510060294
2024-07-29 04:00:00+00:00,218.24,219.3,215.75,604724,216.96,36311778,218.144019,HOLD,12580.803510060294
2024-07-30 04:00:00+00:00,218.8,220.325,216.12,584355,219.19,41643840,218.443117,HOLD,12580.803510060294
2024-07-31 04:00:00+00:00,222.08,223.82,220.63,668901,221.44,50036262,222.37097,HOLD,12580.803510060294
2024-08-01 04:00:00+00:00,218.36,224.48,217.02,876129,224.37,62500996,219.57015,HOLD,12580.803510060294
2024-08-02 04:00:00+00:00,219.86,225.6,217.71,1132553,219.15,105568560,222.251583,HOLD,12580.803510060294
2024-08-05 04:00:00+00:00,209.27,213.5,196.0,1661550,199.09,119548589,208.116338,BUY,12580.803510060294
2024-08-06 04:00:00+00:00,207.23,209.99,201.07,921953,205.3,69660488,206.571553,BUY,12458.163670807066
2024-08-07 04:00:00+00:00,209.82,213.64,206.39,741724,206.9,63516417,211.033883,HOLD,12613.868172604056
2024-08-08 04:00:00+00:00,213.31,214.2,208.83,628773,213.11,47161149,212.581208,HOLD,12823.678485836293
2024-08-09 04:00:00+00:00,216.24,216.78,211.97,589469,212.1,42201646,215.217661,HOLD,12999.822960842157
2024-08-12 04:00:00+00:00,217.53,219.5099,215.6,602530,216.07,38028092,217.546317,HOLD,13077.374623899344
2024-08-13 04:00:00+00:00,221.27,221.89,219.01,553265,219.01,44155331,220.993659,HOLD,13302.21432919693
2024-08-14 04:00:00+00:00,221.72,223.03,219.7,568519,220.57,41960574,221.499308,HOLD,13329.267234914552
2024-08-15 04:00:00+00:00,224.72,225.35,222.76,590575,224.6,46414013,224.55366,HOLD,13509.61993969871
2024-08-16 04:00:00+00:00,226.05,226.8271,223.6501,562638,223.92,44340240,225.429357,HOLD,13589.576305486355
2024-08-19 04:00:00+00:00,225.89,225.99,223.04,606363,225.72,40687813,224.830286,HOLD,13579.957494564533
2024-08-20 04:00:00+00:00,226.51,227.17,225.45,498797,225.77,30299033,226.54141,HOLD,13617.230386886591
2024-08-21 04:00:00+00:00,226.4,227.98,225.05,506656,226.52,34765480,226.450135,HOLD,13610.61745437784
2024-08-22 04:00:00+00:00,224.53,228.34,223.9,586190,227.79,43695321,225.65207,HOLD,13498.197601729047
2024-08-23 04:00:00+00:00,226.84,228.22,224.33,555154,225.6589,38677250,226.570678,HOLD,13637.06918441285
2024-08-26 04:00:00+00:00,227.18,227.28,223.8905,565404,226.76,30602208,226.032558,HOLD,13657.509157621722
2024-08-27 04:00:00+00:00,228.03,228.85,224.89,491852,225.995,35934559,227.74689,HOLD,13708.609090643899
2024-08-28 04:00:00+00:00,226.49,229.86,225.68,563160,227.92,38052167,227.474363,HOLD,13616.028035521365
2024-08-29 04:00:00+00:00,229.79,232.92,228.88,723145,230.1,51906297,231.008651,HOLD,13814.416010783938
2024-08-30 04:00:00+00:00,229.0,230.4,227.48,594158,230.19,52990770,228.898421,HOLD,13766.923131857444
2024-09-03 04:00:00+00:00,222.77,229.0,221.17,813604,228.55,50190574,223.749584,HOLD,13392.390681589008
2024-09-04 04:00:00+00:00,220.85,221.78,217.48,679980,221.66,43840196,219.920973,HOLD,13276.964950527146
2024-09-05 04:00:00+00:00,222.38,225.48,221.52,588073,221.625,36615398,223.192809,HOLD,13368.944829967068
2024-09-06 04:00:00+00:00,220.82,225.24,219.77,663965,223.95,48423011,221.704436,HOLD,13275.161423479305
2024-09-09 04:00:00+00:00,220.91,221.27,216.71,945464,220.82,67179965,219.298998,HOLD,13280.572004622829
2024-09-10 04:00:00+00:00,220.11,221.48,216.73,684935,218.92,51591033,219.536157,HOLD,13232.477950013721
2024-09-11 04:00:00+00:00,222.66,223.09,217.89,609494,221.455,44587072,221.190116,HOLD,13385.777749080255
2024-09-12 04:00:00+00:00,222.77,223.55,219.82,556917,222.5,37498225,222.389637,HOLD,13392.390681589008
2024-09-13 04:00:00+00:00,222.5,224.04,221.91,541883,223.58,36766619,222.922817,HOLD,13376.158938158433
2024-09-16 04:00:00+00:00,216.32,217.22,213.92,870760,216.54,59357427,215.864965,BUY,13004.632366303067
2024-09-17 04:00:00+00:00,216.79,216.9,214.5,651444,215.75,45519339,216.191099,HOLD,13032.887623385917
2024-09-18 04:00:00+00:00,220.69,222.71,217.54,833014,217.55,59894928,220.443008,HOLD,13267.346139605324
2024-09-19 04:00:00+00:00,228.87,229.82,224.63,808546,224.99,66781315,228.421566,HOLD,13759.107847983463
2024-09-20 04:00:00+00:00,228.2,233.09,227.62,971914,229.97,318679888,229.125739,HOLD,13718.829077248334
2024-09-23 04:00:00+00:00,226.47,229.45,225.81,693312,227.34,54146023,227.036015,HOLD,13614.825684156136
2024-09-24 04:00:00+00:00,227.37,229.35,225.73,519573,228.645,43556068,227.226809,HOLD,13668.931495591385
2024-09-25 04:00:00+00:00,226.37,227.29,224.02,564630,224.93,42308715,225.83909,HOLD,13608.813927329998
2024-09-26 04:00:00+00:00,227.52,228.5,225.41,433165,227.3,36636707,227.261165,HOLD,13677.949130830593
2024-09-27 04:00:00+00:00,227.79,229.52,227.3,504108,228.46,34025967,228.171141,HOLD,13694.180874261167
2024-09-30 04:00:00+00:00,233.0,233.0,229.65,710084,230.04,54793391,232.08941,SELL,14007.393404902989
2024-10-01 04:00:00+00:00,226.21,229.65,223.74,832120,229.52,63285048,225.897039,HOLD,14007.393404902989
2024-10-02 04:00:00+00:00,226.78,227.37,223.02,504717,225.89,32880605,226.043352,HOLD,14007.393404902989
2024-10-03 04:00:00+00:00,225.67,226.805,223.32,516347,225.14,34044158,225.007676,HOLD,14007.393404902989
2024-10-04 04:00:00+00:00,226.8,228.0,224.13,558162,227.9,37345098,225.839189,HOLD,14007.393404902989
2024-10-07 04:00:00+00:00,221.69,225.69,221.33,607240,224.5,39505354,223.321699,HOLD,14007.393404902989
2024-10-08 04:00:00+00:00,225.77,225.98,223.25,495518,224.3,31855693,225.170803,HOLD,14007.393404902989
2024-10-09 04:00:00+00:00,229.54,229.75,224.83,519279,225.23,33591091,228.293881,HOLD,14007.393404902989
2024-10-10 04:00:00+00:00,229.04,229.5,227.17,446857,227.78,28183544,228.576787,HOLD,14007.393404902989
2024-10-11 04:00:00+00:00,227.55,229.41,227.34,485460,229.3,31759188,228.020953,HOLD,14007.393404902989
2024-10-14 04:00:00+00:00,231.3,231.73,228.6,580529,228.7,39882085,230.728854,HOLD,14007.393404902989
2024-10-15 04:00:00+00:00,233.85,237.49,232.37,827530,233.61,64751367,234.893394,SELL,14007.393404902989
2024-10-16 04:00:00+00:00,231.78,232.12,229.84,551097,231.6,34082240,231.060277,HOLD,14007.393404902989
2024-10-17 04:00:00+00:00,232.15,233.85,230.52,487630,233.43,32993810,232.056313,HOLD,14007.393404902989
2024-10-18 04:00:00+00:00,235.0,236.18,234.01,562502,236.18,46431472,235.252634,HOLD,14007.393404902989
2024-10-21 04:00:00+00:00,236.48,236.85,234.45,538692,234.45,36254470,235.991167,HOLD,14007.393404902989
2024-10-22 04:00:00+00:00,235.86,236.22,232.6,489180,233.885,38846578,234.775329,HOLD,14007.393404902989
2024-10-23 04:00:00+00:00,230.76,235.144,227.76,722059,234.08,52286979,231.134978,HOLD,14007.393404902989
2024-10-24 04:00:00+00:00,230.57,230.82,228.41,490815,229.98,31109503,230.056502,HOLD,14007.393404902989
2024-10-25 04:00:00+00:00,231.41,233.22,229.57,551681,229.74,38802304,231.703642,HOLD,14007.393404902989
2024-10-28 04:00:00+00:00,233.4,234.73,232.55,557146,233.32,36087134,233.654245,HOLD,14007.393404902989
2024-10-29 04:00:00+00:00,233.67,234.325,232.32,484094,233.1,35417247,233.602577,HOLD,14007.393404902989
2024-10-30 04:00:00+00:00,230.1,233.47,229.55,593652,232.61,47070907,230.82421,HOLD,14007.393404902989
2024-10-31 04:00:00+00:00,225.91,229.83,225.37,767895,229.34,64370086,227.038381,HOLD,14007.393404902989
2024-11-01 04:00:00+00:00,222.91,225.35,220.27,859117,220.965,65276741,222.804987,HOLD,14007.393404902989
2024-11-04 05:00:00+00:00,222.01,222.79,219.71,647168,220.99,44944468,221.767417,BUY,14007.393404902989
2024-11-05 05:00:00+00:00,223.45,223.95,221.14,502059,221.795,28111338,223.110799,HOLD,14098.248080381842
2024-11-06 05:00:00+00:00,222.72,226.065,221.19,796635,222.61,54561121,223.789045,HOLD,14052.189807396035
2024-11-07 05:00:00+00:00,227.48,227.875,224.57,623242,224.625,42137691,226.79628,HOLD,14352.514984673357
2024-11-08 05:00:00+00:00,226.96,228.66,226.405,541125,227.17,38328824,227.235239,HOLD,14319.706351861549
2024-11-11 05:00:00+00:00,224.23,225.7,221.5,555127,225.0,42005602,223.397808,HOLD,14147.461029599555
2024-11-12 05:00:00+00:00,224.23,225.59,223.355,462612,224.55,40398299,224.377658,HOLD,14147.461029599555
2024-11-13 05:00:00+00:00,225.12,226.65,222.76,467219,224.01,48566217,224.935939,HOLD,14203.614266527458
2024-11-14 05:00:00+00:00,228.22,228.87,225.0,492068,225.02,44923941,227.454246,HOLD,14399.204192905545
2024-11-15 05:00:00+00:00,225.0,226.92,224.27,451319,226.4,47923696,225.147593,HOLD,14196.043043570888
2024-11-18 05:00:00+00:00,228.02,229.74,225.17,437922,225.25,44691859,228.036169,HOLD,14386.585487977927
2024-11-19 05:00:00+00:00,228.28,230.16,226.66,365242,226.98,36211774,228.651147,HOLD,14402.989804383831
2024-11-20 05:00:00+00:00,229.0,229.93,225.89,357481,228.06,35230059,228.019292,HOLD,14448.417142123259
2024-11-21 05:00:00+00:00,228.52,230.155,225.7103,431685,228.88,42108327,228.439064,HOLD,14418.132250296974
2024-11-22 05:00:00+00:00,229.87,230.7199,228.06,380624,228.06,38168252,229.692547,HOLD,14503.308508558399
2024-11-25 05:00:00+00:00,232.87,233.245,229.74,510698,231.46,90152832,232.405006,HOLD,14692.589082472678
2024-11-26 05:00:00+00:00,235.06,235.57,233.33,450015,233.33,45986189,234.821331,SELL,14830.7639014301
2024-11-27 05:00:00+00:00,234.93,235.69,233.8101,339860,234.465,33498439,234.806483,SELL,14830.7639014301
2024-11-29 05:00:00+00:00,237.33,237.81,233.97,268955,234.805,28481377,236.570409,SELL,14830.7639014301
2024-12-02 05:00:00+00:00,239.59,240.79,237.16,469685,237.27,48137103,239.520954,SELL,14830.7639014301
2024-12-03 05:00:00+00:00,242.65,242.76,238.9,419384,239.81,38861017,241.628776,SELL,14830.7639014301
2024-12-04 05:00:00+00:00,243.01,244.11,241.25,406663,242.87,44383935,242.952411,SELL,14830.7639014301
2024-12-05 05:00:00+00:00,243.04,244.54,242.13,401262,243.99,40033878,243.055,HOLD,14830.7639014301
2024-12-06 05:00:00+00:00,242.84,244.63,242.08,366549,242.905,36870619,243.211621,HOLD,14830.7639014301
2024-12-09 05:00:00+00:00,246.75,247.24,241.75,500769,241.83,44649232,245.992267,HOLD,14830.7639014301
2024-12-10 05:00:00+00:00,247.77,248.21,245.34,423350,246.89,36914806,247.266088,HOLD,14830.7639014301
2024-12-11 05:00:00+00:00,246.49,250.8,246.2601,455625,247.96,45205814,248.24955,HOLD,14830.7639014301
2024-12-12 05:00:00+00:00,247.96,248.74,245.68,353012,246.89,32777532,247.765941,HOLD,14830.7639014301
2024-12-13 05:00:00+00:00,248.13,249.2902,246.24,349810,247.815,33155290,247.74208,HOLD,14830.7639014301
2024-12-16 05:00:00+00:00,251.04,251.38,247.65,448224,247.99,51694753,250.490096,HOLD,14830.7639014301
2024-12-17 05:00:00+00:00,253.48,253.83,249.78,487662,250.08,51356360,253.010532,HOLD,14830.7639014301
2024-12-18 05:00:00+00:00,248.05,254.28,247.74,564347,252.16,56774101,250.488225,HOLD,14830.7639014301
2024-12-19 05:00:00+00:00,249.79,252.0,247.0949,532896,247.5,60882264,249.866349,HOLD,14830.7639014301
2024-12-20 05:00:00+00:00,254.49,255.0,245.69,551019,248.04,147495267,252.59909,HOLD,14830.7639014301
2024-12-23 05:00:00+00:00,255.27,255.65,253.45,422563,254.77,40858774,254.713849,HOLD,14830.7639014301
2024-12-24 05:00:00+00:00,258.2,258.21,255.29,245932,255.49,23234705,257.452942,HOLD,14830.7639014301
2024-12-26 05:00:00+00:00,259.02,260.1,257.63,362325,258.19,27262983,258.937766,HOLD,14830.7639014301
2024-12-27 05:00:00+00:00,255.59,258.7,253.06,474899,257.83,42355321,255.255129,HOLD,14830.7639014301
2024-12-30 05:00:00+00:00,252.2,253.5,250.75,421634,252.23,35557542,252.228327,HOLD,14830.7639014301
2024-12-31 05:00:00+00:00,250.42,253.28,249.43,361255,252.44,39480718,250.721619,HOLD,14830.7639014301
2025-01-02 05:00:00+00:00,243.85,249.1,241.8201,685448,248.93,55740731,244.339399,HOLD,14830.7639014301
2025-01-03 05:00:00+00:00,243.36,244.18,241.89,493786,243.36,40244114,243.069441,HOLD,14830.7639014301
2025-01-06 05:00:00+00:00,245.0,247.33,243.2,493920,244.31,45045571,245.23906,HOLD,14830.7639014301
2025-01-07 05:00:00+00:00,242.21,245.55,241.35,462887,242.98,40855960,243.011137,HOLD,14830.7639014301
2025-01-08 05:00:00+00:00,242.7,243.7123,240.05,406916,241.92,37628940,242.272854,HOLD,14830.7639014301
2025-01-10 05:00:00+00:00,236.85,240.16,233.0,685976,240.01,61710856,236.564899,BUY,14830.7639014301
2025-01-13 05:00:00+00:00,234.4,234.67,229.72,561231,233.53,49630725,232.601034,BUY,14677.353001879737
2025-01-14 05:00:00+00:00,233.28,236.12,232.472,436333,234.75,39435294,233.949347,HOLD,14607.222304942428
2025-01-15 05:00:00+00:00,237.87,238.96,234.43,418804,234.635,39831969,237.596688,HOLD,14894.632928998008
2025-01-16 05:00:00+00:00,228.26,238.01,228.03,786112,237.35,71759052,230.597381,BUY,14292.886502598416
2025-01-17 05:00:00+00:00,229.98,232.29,228.48,579302,232.115,68488301,230.573333,HOLD,14400.58721575214
2025-01-21 05:00:00+00:00,222.64,224.42,219.38,1220197,224.0,98070429,221.551566,HOLD,13940.980684037988
2025-01-22 05:00:00+00:00,223.83,224.12,219.79,683037,219.79,64126500,222.720781,HOLD,14015.494549533882
2025-01-23 05:00:00+00:00,223.66,227.03,222.3,619806,224.74,60234760,224.1898,HOLD,14004.849711605895
2025-01-24 05:00:00+00:00,222.78,225.63,221.41,579473,224.78,54697907,223.094438,HOLD,13949.747021155154
2025-01-27 05:00:00+00:00,229.86,232.15,223.98,1008209,224.02,94863418,229.066419,HOLD,14393.07321250886
2025-01-28 05:00:00+00:00,238.26,240.19,230.81,788818,230.85,75707569,237.590259,HOLD,14919.053439538677
2025-01-29 05:00:00+00:00,239.36,239.855,234.01,515214,234.12,45486100,237.532995,HOLD,14987.931802602108
2025-01-30 05:00:00+00:00,237.59,240.79,237.21,636380,238.665,55658279,238.666258,HOLD,14877.10025476368
2025-01-31 05:00:00+00:00,236.0,247.19,233.44,936710,247.19,101075128,238.739716,HOLD,14777.53971179018
2025-02-03 05:00:00+00:00,228.01,231.83,225.7,850831,229.99,72998404,228.158376,HOLD,14277.232329174909
2025-02-04 05:00:00+00:00,232.8,233.13,226.65,494709,227.25,44902694,231.209491,HOLD,14577.166291969295
2025-02-05 05:00:00+00:00,232.47,232.67,228.27,445631,228.53,39664989,230.958037,HOLD,14556.502783050266
2025-02-06 05:00:00+00:00,233.22,233.8,230.425,375401,231.285,29925349,232.379795,HOLD,14603.465303320787
2025-02-07 05:00:00+00:00,227.63,234.0,227.26,484221,232.6,39487057,229.183241,HOLD,14253.43798557118
2025-02-10 05:00:00+00:00,227.65,230.585,227.2,398008,229.57,33102191,228.551097,HOLD,14254.69031944506
2025-02-11 05:00:00+00:00,232.62,235.23,228.13,552127,228.2,53718362,232.735086,HOLD,14565.895287104371
2025-02-12 05:00:00+00:00,236.87,236.96,230.68,486475,231.2,45243292,235.145378,HOLD,14832.016235303981
2025-02-13 05:00:00+00:00,241.53,242.3399,235.57,531132,236.91,53614054,240.36593,HOLD,15123.810027918144
2025-02-14 05:00:00+00:00,244.6,245.55,240.99,481732,241.25,40896227,244.066726,HOLD,15316.043277558803
2025-02-18 05:00:00+00:00,244.47,245.18,241.84,486720,244.15,48822491,244.072787,HOLD,15307.90310737858
2025-02-19 05:00:00+00:00,244.87,246.01,243.1604,382617,244.66,32146308,244.699147,HOLD,15332.949784856191
2025-02-20 05:00:00+00:00,245.83,246.78,244.29,405771,244.94,32316907,245.643641,HOLD,15393.061810802457
2025-02-21 05:00:00+00:00,245.55,248.69,245.22,508398,245.95,53197431,246.384922,HOLD,15375.52913656813
2025-02-24 05:00:00+00:00,247.1,248.86,244.42,593130,244.925,51326396,247.302823,HOLD,15472.58501179387
2025-02-25 05:00:00+00:00,247.04,250.0,244.91,574045,248.0,48013272,247.548096,HOLD,15468.828010172227
2025-02-26 05:00:00+00:00,240.36,244.98,239.13,557242,244.33,44433564,241.664944,HOLD,15050.548496296135
2025-02-27 05:00:00+00:00,237.3,242.46,237.06,503479,239.41,41153639,239.443587,HOLD,14858.941413592414
2025-02-28 05:00:00+00:00,241.84,242.09,230.2,572585,236.95,56833360,239.403148,HOLD,15143.221202963292
2025-03-03 05:00:00+00:00,238.03,244.0272,236.112,557039,241.79,47183985,239.978276,HOLD,14904.651599989053
2025-03-04 05:00:00+00:00,235.93,240.07,234.68,685400,237.705,53798062,237.505567,HOLD,14773.156543231598
2025-03-05 05:00:00+00:00,235.74,236.55,229.23,558645,235.42,47227643,233.781766,HOLD,14761.259371429733
2025-03-06 05:00:00+00:00,235.33,237.86,233.1581,551790,234.435,45170419,235.298577,HOLD,14735.586527015183
2025-03-07 05:00:00+00:00,239.07,241.37,234.76,581196,235.105,46273565,238.940422,HOLD,14969.77296143084
2025-03-10 04:00:00+00:00,227.48,236.16,224.22,1152721,235.54,72071197,227.623563,BUY,14244.045481517076
2025-03-11 04:00:00+00:00,220.84,225.8399,217.45,899698,223.805,76137410,221.096091,BUY,13828.270635388742
2025-03-12 04:00:00+00:00,216.98,221.75,214.91,792931,220.14,62547467,217.596761,BUY,13586.5701977298
2025-03-13 04:00:00+00:00,209.68,216.8394,208.42,768934,215.95,61368330,212.024245,BUY,13129.46833376341
2025-03-14 04:00:00+00:00,213.49,213.95,209.58,668917,211.25,60107582,212.466779,HOLD,13368.03793673765
2025-03-17 04:00:00+00:00,214.0,215.22,209.97,577436,213.31,48073426,213.202242,HOLD,13399.972450521604
2025-03-18 04:00:00+00:00,212.69,215.15,211.49,493004,214.16,42432426,213.10947,HOLD,13317.944581782429
2025-03-19 04:00:00+00:00,215.24,218.76,213.75,524678,214.22,54385391,215.609629,HOLD,13477.617150702195
2025-03-20 04:00:00+00:00,214.1,217.4899,212.22,499769,213.99,48862947,214.396693,HOLD,13406.234119891005
2025-03-21 04:00:00+00:00,218.27,218.84,211.28,496948,211.56,94127768,215.734078,HOLD,13667.345732595095
2025-03-24 04:00:00+00:00,220.73,221.48,218.58,495018,221.0,44299483,220.082882,HOLD,13821.3827990824
2025-03-25 04:00:00+00:00,223.75,224.1,220.08,407132,220.77,34493583,223.117364,HOLD,14010.48521403836
2025-03-26 04:00:00+00:00,221.53,225.02,220.47,440452,223.51,34532656,222.527802,HOLD,13871.47615403762
2025-03-27 04:00:00+00:00,223.85,224.99,220.5601,387119,221.39,37094774,223.354994,HOLD,14016.74688340776
2025-03-28 04:00:00+00:00,217.9,223.81,217.68,485185,221.67,39818617,219.364708,HOLD,13644.177555928305
2025-03-31 04:00:00+00:00,222.13,225.62,216.23,646558,217.005,65298894,220.644612,HOLD,13909.046170254036
2025-04-01 04:00:00+00:00,223.19,223.68,218.9,594670,219.805,36412740,222.333555,HOLD,13975.419865569704
2025-04-02 04:00:00+00:00,223.89,225.19,221.02,473114,221.315,35905904,223.770488,HOLD,14019.251551155521
2025-04-03 04:00:00+00:00,203.19,207.49,201.25,1366636,205.54,103418915,204.016333,BUY,12723.08599168918
2025-04-04 04:00:00+00:00,188.38,199.88,187.34,1716108,193.89,125908914,192.430879,BUY,11795.732758080652
2025-04-07 04:00:00+00:00,181.46,194.15,174.62,2117015,177.2,160466286,180.47395,BUY,11362.425237717991
2025-04-08 04:00:00+00:00,172.42,190.335,169.2101,1671395,186.7,120853216,179.164809,BUY,10796.370326723994
2025-04-09 04:00:00+00:00,198.85,200.61,171.89,2212850,171.95,184386792,188.345233,HOLD,12451.329541057106
2025-04-10 04:00:00+00:00,190.42,194.7799,183.0,1500041,189.065,121879981,189.875437,HOLD,11923.470813216465
2025-04-11 04:00:00+00:00,198.15,199.54,186.06,1073191,186.1,87435915,195.686718,HOLD,12407.497855471289
2025-04-14 04:00:00+00:00,202.52,212.94,201.1621,1272714,211.44,101352911,205.417854,HOLD,12681.132806914184
2025-04-15 04:00:00+00:00,202.14,203.51,199.8,595846,201.855,51343872,202.184277,HOLD,12657.338463310452
2025-04-16 04:00:00+00:00,194.27,200.7,192.37,744249,198.36,59732423,195.847681,HOLD,12164.545083938467
2025-04-17 04:00:00+00:00,196.98,198.8335,194.42,537912,197.2,52164408,196.897749,HOLD,12334.236323849276
2025-04-21 04:00:00+00:00,193.16,193.8,189.8112,576340,193.265,46742537,191.966857,HOLD,12095.040553938097
2025-04-22 04:00:00+00:00,199.74,201.59,195.97,608787,196.12,52976297,199.219833,HOLD,12507.05839844479
2025-04-23 04:00:00+00:00,204.6,208.0,202.799,664354,206.0,52929165,205.344795,HOLD,12811.375529797757
2025-04-24 04:00:00+00:00,208.37,208.8299,202.94,490831,204.89,47310989,207.133886,HOLD,13047.440465024236
2025-04-25 04:00:00+00:00,209.28,209.75,206.2,469917,206.365,38222258,208.424899,HOLD,13104.4216562858
2025-04-28 04:00:00+00:00,210.14,211.5,207.46,436969,210.0,38743074,209.664384,HOLD,13158.27201286266
2025-04-29 04:00:00+00:00,211.21,212.24,208.37,403524,208.693,36827633,211.011514,HOLD,13225.27187511527
2025-04-30 04:00:00+00:00,212.5,213.58,206.6705,501667,209.3,52286454,211.321946,HOLD,13306.047409980563
2025-05-01 04:00:00+00:00,213.32,214.56,208.9,712566,209.08,57365675,212.465753,HOLD,13357.393098809665
2025-05-02 04:00:00+00:00,205.35,206.99,202.16,1100613,206.09,101010621,204.784489,HOLD,12858.338050068276
2025-05-05 04:00:00+00:00,198.89,204.1,198.21,770697,203.1,69018452,199.723715,HOLD,12453.834208804867
2025-05-06 04:00:00+00:00,198.51,200.65,197.02,529849,198.21,51216482,198.863683,HOLD,12430.039865201137
2025-05-07 04:00:00+00:00,196.25,199.44,193.25,753075,199.17,68616943,195.89945,HOLD,12288.526137452638
2025-05-08 04:00:00+00:00,197.49,200.05,194.6796,599001,197.72,50478872,197.774244,HOLD,12366.170837633232
2025-05-09 04:00:00+00:00,198.53,200.5399,197.535,423067,199.0,36453923,198.727532,HOLD,12431.292199075018
2025-05-12 04:00:00+00:00,210.79,211.2679,206.75,806841,210.97,63775814,209.671497,HOLD,13198.972863763778
2025-05-13 04:00:00+00:00,212.93,213.4,209.0,608884,210.43,51909332,211.920893,HOLD,13332.972588268995
2025-05-14 04:00:00+00:00,212.33,213.94,210.5801,596267,212.43,49325825,212.274905,HOLD,13295.40257205258
2025-05-15 04:00:00+00:00,211.45,212.96,209.54,550863,210.95,45029473,211.302042,HOLD,13240.299881601835
2025-05-16 04:00:00+00:00,211.26,212.57,209.77,512788,212.36,54737850,211.318133,HOLD,13228.402709799971
2025-05-19 04:00:00+00:00,208.78,209.48,204.26,617742,207.91,46140527,207.544666,HOLD,13073.113309438786
2025-05-20 04:00:00+00:00,206.86,208.47,205.03,511393,207.67,42496635,207.012839,HOLD,12952.889257546256
2025-05-21 04:00:00+00:00,202.09,207.04,200.71,783994,205.17,59211774,203.41488,HOLD,12654.20762862575
2025-05-22 04:00:00+00:00,201.36,202.75,199.7,615608,200.71,46742407,201.381366,HOLD,12608.497442229112
2025-05-23 04:00:00+00:00,195.27,197.7,193.46,1035410,193.665,78432918,195.921086,HOLD,12227.161777632493
2025-05-27 04:00:00+00:00,200.21,200.74,197.43,710445,198.3,56288475,199.536657,HOLD,12536.488244480983
2025-05-28 04:00:00+00:00,200.42,202.73,199.9,549615,200.59,45339678,200.829719,HOLD,12549.637750156726
2025-05-29 04:00:00+00:00,199.95,203.81,198.51,652509,203.575,51477938,200.374911,HOLD,12520.207904120534
2025-05-30 04:00:00+00:00,200.85,201.96,196.78,605924,199.37,70819942,199.860142,HOLD,12576.562928445159
